id,kind,target,count,reward,note,soul
kill_poring,kill,poring,50,"{""hp"":20}",,100
kill_rocker,kill,rocker,50,"{""def"":2}",,100
kill_drops,kill,drops,50,"{""atk"":2}",,100
kill_mushroom,kill,mushroom,50,"{""def"":2}",,100
kill_poporing,kill,poporing,50,"{""def"":2}",,100
kill_wisp,kill,wisp,50,"{""atk"":2}",,100
kill_mantis,kill,mantis,50,"{""def"":2}",,100
kill_boar,kill,boar,50,"{""def"":2}",,100
kill_willow,kill,willow,50,"{""def"":2}",,100
kill_king,kill,king,3,"{""vit"":1,""hp"":40}",,100
kill_spore_mother,kill,spore_mother,3,"{""vit"":1,""hp"":40}",,100
kill_bird,kill,bird,50,"{""agi"":1}",,100
kill_sky_poring,kill,sky_poring,50,"{""agi"":1}",,100
kill_cloud_imp,kill,cloud_imp,50,"{""agi"":1}",,100
kill_sky_snail,kill,sky_snail,50,"{""agi"":1}",,100
kill_fire_hawk,kill,fire_hawk,50,"{""atk"":2}",,100
kill_thunder_puff,kill,thunder_puff,50,"{""agi"":1}",,100
kill_griffin,kill,griffin,50,"{""agi"":1}",,100
kill_harpy,kill,harpy,3,"{""agi"":1,""hp"":40}",,100
kill_thunder_ram,kill,thunder_ram,3,"{""agi"":1,""hp"":40}",,100
kill_storm_roc,kill,storm_roc,1,"{""str"":1,""agi"":1,""vit"":1,""int"":1,""dex"":1,""luk"":1}",,100
kill_fish,kill,fish,50,"{""hp"":20}",,100
kill_marin,kill,marin,50,"{""hp"":20}",,100
kill_jellyfish,kill,jellyfish,50,"{""hp"":20}",,100
kill_crab,kill,crab,50,"{""hp"":20}",,100
kill_eel,kill,eel,50,"{""agi"":1}",,100
kill_gold_fish,kill,gold_fish,50,"{""hp"":20}",,100
kill_urchin,kill,urchin,50,"{""hp"":20}",,100
kill_angler,kill,angler,50,"{""crit"":1}",,100
kill_siren,kill,siren,3,"{""vit"":1,""hp"":40}",,100
kill_shark,kill,shark,3,"{""vit"":1,""hp"":40}",,100
kill_kraken,kill,kraken,1,"{""str"":1,""agi"":1,""vit"":1,""int"":1,""dex"":1,""luk"":1}",,100
cards_3,card,any,3,"{""luk"":1}",,200
cards_8,card,any,8,"{""dex"":1}",,200
cards_15,card,any,15,"{""luk"":1,""crit"":1}",,200
cards_25,card,any,25,"{""str"":1,""int"":1}",,200
cards_33,card,any,33,"{""hp"":100,""sp"":30}",,200
dex_5,spirit,any,5,"{""sp"":10}",,250
dex_10,spirit,any,10,"{""int"":1}",,250
dex_20,spirit,any,20,"{""hp"":50}",,250
dex_35,spirit,any,35,"{""int"":1,""dex"":1}",,250
dex_50,spirit,any,50,"{""str"":1,""vit"":1}",,250
dex_70,spirit,any,70,"{""hp"":150,""sp"":50}",,250
map_forest,map,forest|forest2|forest3|forest4|deep|deep2,6,"{""vit"":1,""hp"":30}",zone.forest,150
map_sky,map,sky1|sky2|sky3|sky4|sky5|sky6,6,"{""agi"":1,""speed"":0.03}",zone.sky,150
map_abyss,map,abyss1|abyss2|abyss3|abyss4|abyss5|abyss6,6,"{""int"":1,""sp"":20}",zone.abyss,150
