monster_id,item_id,rate,min,max
poring,n_luck,0.03,1,1
poring,a_leather,0.02,1,1
mantis,w_iron,0.07,1,1
mantis,r_power,0.04,1,1
bird,b_wind,0.05,1,1
bird,w_gale,0.03,1,1
fish,w_tide,0.04,1,1
fish,e_light,0.04,1,1
scorpion,w_flame,0.05,1,1
scorpion,a_knight,0.04,1,1
king,w_king,1,1,1
harpy,a_knight,1,1,1
harpy,b_wind,1,1,1
kraken,w_kraken,1,1,1
kraken,a_royal,1,1,1
poring,potion_red,0.25,1,1
poring,hat_leather_cap,0.02,1,1
mantis,potion_red,0.2,1,2
mantis,wpn_mace_iron,0.03,1,1
bird,wpn_bow_short,0.04,1,1
bird,shoe_sandals,0.04,1,1
fish,potion_blue,0.05,1,1
fish,wpn_staff_wood,0.03,1,1
scorpion,potion_orange,0.15,1,1
scorpion,wpn_bow_composite,0.02,1,1
king,potion_orange,1,2,3
king,hat_circlet,0.2,1,1
harpy,shoe_wind,0.3,1,1
harpy,wpn_bow_gale,0.15,1,1
kraken,wpn_staff_crystal,0.3,1,1
kraken,wpn_mace_star,0.2,1,1
poring,ess_water,0.2,1,2
poring,ess_magic,0.08,1,1
mantis,ess_earth,0.25,1,2
mantis,ess_magic,0.1,1,1
king,ess_water,1,4,8
king,ess_magic,1,2,4
king,scroll_mystic,0.3,1,1
bird,ess_wind,0.25,1,2
bird,ess_magic,0.1,1,1
harpy,ess_wind,1,4,8
harpy,ess_magic,1,2,4
harpy,scroll_mystic,0.3,1,1
fish,ess_water,0.25,1,2
fish,ess_magic,0.1,1,1
kraken,ess_water,1,8,14
kraken,ess_dark,0.5,1,3
kraken,scroll_mystic,1,1,2
kraken,scroll_ld,0.1,1,1
scorpion,ess_earth,0.25,1,2
scorpion,ess_magic,0.1,1,1
poring,scroll_normal,0.01,1,1
mantis,scroll_normal,0.01,1,1
bird,scroll_normal,0.01,1,1
fish,scroll_normal,0.01,1,1
scorpion,scroll_normal,0.01,1,1
