id,name_key,type,cd,target,hits,power,effects,vfx
jelly_shot,sskill.jelly_shot,auto,2.2,bolt,1,0.9,{},jelly
jelly_shot_awk,sskill.jelly_shot_awk,auto,2.0,bolt,1,1.1,"{""stun"":0.3}",jelly
giant_slam,sskill.giant_slam,ult,0,all,3,1.4,"{""stun"":0.6}",slam
lead_poring,sskill.lead_poring,leader,0,none,0,0,"{""hp_p"":10}",
pixie_dust,sskill.pixie_dust,auto,2.4,bolt,1,0.6,"{""heal"":0.03}",sparkle
pixie_dust_awk,sskill.pixie_dust_awk,auto,2.2,bolt,1,0.75,"{""heal"":0.05}",sparkle
blossom_storm,sskill.blossom_storm,ult,0,all,4,0.8,"{""heal"":0.25}",burst
lead_pixie,sskill.lead_pixie,leader,0,none,0,0,"{""gauge"":15}",
shell_bash,sskill.shell_bash,auto,2.8,aoe,1,0.8,{},rock
shell_bash_awk,sskill.shell_bash_awk,auto,2.6,aoe,1,1.0,"{""shield"":0.04}",rock
crystal_wall,sskill.crystal_wall,ult,0,all,2,1.1,"{""shield"":0.3}",wave
lead_turtle,sskill.lead_turtle,leader,0,none,0,0,"{""def_p"":20}",
wind_bolt,sskill.wind_bolt,auto,1.8,bolt,1,0.8,{},wind
wind_bolt_awk,sskill.wind_bolt_awk,auto,1.6,bolt,1,1.0,"{""pierce"":1}",wind
tornado,sskill.tornado,ult,0,all,6,0.7,{},vortex
lead_sylph,sskill.lead_sylph,leader,0,none,0,0,"{""aspd"":15}",
water_bolt,sskill.water_bolt,auto,2.2,bolt,1,0.9,{},water
water_bolt_awk,sskill.water_bolt_awk,auto,2.0,bolt,1,1.1,"{""heal"":0.02}",water
tidal_wave,sskill.tidal_wave,ult,0,all,3,1.4,{},wave
lead_undine,sskill.lead_undine,leader,0,none,0,0,"{""hp_p"":15}",
fire_bolt,sskill.fire_bolt,auto,2.0,bolt,1,1.1,{},fire
fire_bolt_awk,sskill.fire_bolt_awk,auto,1.9,bolt,1,1.35,{},fire
meteor_rain,sskill.meteor_rain,ult,0,all,5,1.0,{},rain
lead_salamander,sskill.lead_salamander,leader,0,none,0,0,"{""atk_p"":12}",
foxfire,sskill.foxfire,auto,1.6,bolt,1,0.9,{},fire
foxfire_awk,sskill.foxfire_awk,auto,1.5,bolt,1,1.1,"{""crit"":15}",fire
nine_flames,sskill.nine_flames,ult,0,all,4,1.3,{},burst
lead_kitsune,sskill.lead_kitsune,leader,0,none,0,0,"{""crit"":8}",
rock_throw,sskill.rock_throw,auto,2.6,bolt,1,1.2,{},rock
rock_throw_awk,sskill.rock_throw_awk,auto,2.4,bolt,1,1.4,"{""stun"":0.4}",rock
earthquake,sskill.earthquake,ult,0,all,3,1.5,"{""stun"":1}",slam
lead_golem,sskill.lead_golem,leader,0,none,0,0,"{""def_p"":12,""hp_p"":8}",
thunder_wool,sskill.thunder_wool,auto,2.2,bolt,1,0.9,{},spark
thunder_wool_awk,sskill.thunder_wool_awk,auto,2.0,aoe,1,1.0,{},spark
thunderstorm,sskill.thunderstorm,ult,0,all,6,0.8,"{""stun"":0.4}",rain
lead_fluffy,sskill.lead_fluffy,leader,0,none,0,0,"{""speed"":10}",
arcane_feather,sskill.arcane_feather,auto,2.0,bolt,1,0.9,{},sparkle
arcane_feather_awk,sskill.arcane_feather_awk,auto,1.8,bolt,1,1.0,"{""defdown"":0.2}",sparkle
feather_storm,sskill.feather_storm,ult,0,all,5,0.9,"{""defdown"":0.3}",rain
lead_owl,sskill.lead_owl,leader,0,none,0,0,"{""gauge"":20}",
holy_bolt,sskill.holy_bolt,auto,2.4,bolt,1,0.8,"{""heal"":0.04}",holy
holy_bolt_awk,sskill.holy_bolt_awk,auto,2.2,bolt,1,0.9,"{""heal"":0.06}",holy
holy_pillar,sskill.holy_pillar,ult,0,all,3,1.3,"{""heal"":0.4}",pillar
lead_angel,sskill.lead_angel,leader,0,none,0,0,"{""hp_p"":20}",
moon_fang,sskill.moon_fang,auto,1.5,bolt,1,1.1,{},dark
moon_fang_awk,sskill.moon_fang_awk,auto,1.4,bolt,1,1.3,"{""crit"":20}",dark
lunar_howl,sskill.lunar_howl,ult,0,all,4,1.5,{},burst
lead_wolf,sskill.lead_wolf,leader,0,none,0,0,"{""atk_p"":18}",
horn_light,sskill.horn_light,auto,2.2,bolt,1,0.9,"{""heal"":0.05}",holy
horn_light_awk,sskill.horn_light_awk,auto,2.0,bolt,1,1.0,"{""heal"":0.07}",holy
rainbow_charge,sskill.rainbow_charge,ult,0,all,3,1.3,"{""heal"":0.5}",pillar
lead_unicorn,sskill.lead_unicorn,leader,0,none,0,0,"{""hp_p"":15,""def_p"":10}",
dragon_breath,sskill.dragon_breath,auto,2.0,aoe,1,1.2,{},wind
dragon_breath_awk,sskill.dragon_breath_awk,auto,1.8,aoe,1,1.45,{},wind
storm_breath,sskill.storm_breath,ult,0,all,7,1.0,{},wave
lead_dragon,sskill.lead_dragon,leader,0,none,0,0,"{""atk_p"":20}",
flame_feather,sskill.flame_feather,auto,1.8,bolt,1,1.1,{},fire
flame_feather_awk,sskill.flame_feather_awk,auto,1.7,bolt,1,1.3,"{""heal"":0.03}",fire
rebirth_flame,sskill.rebirth_flame,ult,0,all,5,1.2,"{""heal"":0.6}",pillar
lead_phoenix,sskill.lead_phoenix,leader,0,none,0,0,"{""atk_p"":10,""hp_p"":10}",
