key,value,note
gauge_max,100,ultimate gauge size
gauge_hero_hit,5,gauge per hero hit
gauge_spirit_hit,2,gauge per spirit hit
gauge_kill,8,gauge per kill
combo_window,2,seconds after a hero skill that count as COMBO
combo_mult,1.3,COMBO damage multiplier
ult_hero_atk,0.5,share of hero ATK added to each ultimate hit
ult_member_atk,0.5,share of the other team members' ATK added to each ultimate hit
auto_range,320,auto skill range (px)
aoe_radius,110,auto aoe radius around the target (px)
level_growth,0.06,stats +6% per level
awaken_mult,1.15,stats multiplier after awakening
star_mul,1|1.25|1.55|1.9|2.3|2.8,stat multiplier per star 1-6
starter_team,sylph:wind|undine:water|salamander:fire,new save team (family:element)
starter_box,poring:water,new save extra spirits
starter_items,scroll_normal:10|scroll_mystic:3,new save items
explore_cap_h,12,expedition: most hours that count while away
explore_kills_h,40,expedition: monsters beaten per hour by a full team at full strength
explore_exp_share,0.6,expedition: share of the monsters' EXP split between the sent spirits
explore_min_eff,0.25,expedition: efficiency floor when the spirits are far below the map's level
