floor,monsters,scale,reward,zeny
1,poring:4,1,"{""potion_orange"":3,""ess_magic"":1}",120
2,rocker:3|drops:2,1,"{""scroll_normal"":2,""ess_magic"":2}",240
3,mushroom:3|poporing:2,1.1,"{""potion_orange"":3,""ess_magic"":1}",360
4,wisp:2|mantis:3,1.1,"{""scroll_normal"":2,""ess_magic"":2}",480
5,king:1|poring:3,1,"{""scroll_mystic"":1,""ess_magic"":5}",600
6,boar:3|mantis:2,1.15,"{""scroll_normal"":2,""ess_magic"":2}",720
7,willow:2|boar:3,1.2,"{""potion_orange"":3,""ess_magic"":1}",840
8,poporing:4|wisp:3,1.3,"{""scroll_normal"":2,""ess_magic"":2}",960
9,boar:4|willow:2,1.35,"{""potion_orange"":3,""ess_magic"":1}",1080
10,spore_mother:1|mushroom:2,1,"{""scroll_mystic"":1,""ess_magic"":5}",1200
11,sky_poring:4|bird:2,1.1,"{""potion_orange"":3,""ess_magic"":1}",1320
12,cloud_imp:3|sky_snail:3,1.15,"{""scroll_normal"":2,""ess_magic"":2}",1440
13,fire_hawk:3|thunder_puff:3,1.2,"{""potion_orange"":3,""ess_magic"":1}",1560
14,griffin:3|thunder_puff:2,1.25,"{""scroll_normal"":2,""ess_magic"":2}",1680
15,harpy:1|thunder_ram:1,1,"{""scroll_mystic"":1,""ess_magic"":5}",1800
16,marin:4|crab:2,1.2,"{""scroll_normal"":2,""ess_magic"":2}",1920
17,eel:3|urchin:2|jellyfish:2,1.25,"{""potion_orange"":3,""ess_magic"":1}",2040
18,gold_fish:3|angler:3,1.3,"{""scroll_normal"":2,""ess_magic"":2}",2160
19,siren:1|shark:1,1,"{""potion_orange"":3,""ess_magic"":1}",2280
20,storm_roc:1|fire_hawk:2,1.1,"{""scroll_ld"":1,""scroll_mystic"":2}",2400
