Monster,Item1,Chance1,Item2,Chance2,Item3,Chance3,Item4,Chance4,Item5,Chance5,Item6,Chance6,Item7,Chance7,Item8,Chance8,Item9,Chance9,Item10,Chance10
ALARM,Needle_of_Alarm,10000,Clip,10,Skull,10000,Magnifier,10000,Oridecon,1050,Key_of_Clock_Tower,200,Zargon,10000,Alarm_Card,10
ALICE,Alice's_Apron,10000,Old_Broom,400,Crystal_Pumps,30,Rouge,300,Small_Ribbons,10,,0,,0,Alice_Card,10
ALLIGATOR,Zargon,10000,Worn_Out_Prison_Uniform,6000,Anolian_Skin,10000,Yggdrasil_Seed,500,,0,,0,Rough_Oridecon,1290,Alligator_Card,10
AM_MUT,Dokebi_Horn,10000,Rough_Elunium,2500,Sword_Mace_,30,Gold,50,Halo,10,Old_Card_Album,10,Glass_Bead,2500,Am_Mut_Card,10
AMBERNITE,Crystal_Blue,500,Snail's_Shell,10000,Garlet,10000,Shell,10000,Solid_Shell,20,Rough_Elunium,140,Iron_Ore,1500,Ambernite_Card,10
AMON_RA,Sphinx_Hat,5000,Safety_Ring,4000,Fragment_of_Rossata_Stone,10000,Elunium,10000,Old_Card_Album,5000,Tablet,1500,Yggdrasil_Berry#1-3,10000,Okolnir_Key,10000,Amon_Ra_Card,10
ANACONDAQ,Emveretarcon,500,Venom_Canine,10000,Glaive_,100,Snake_Scale,10000,Scale_Shell,2000,Yellow_Herb,1500,Rough_Oridecon,500,Anaconda_Card,10
ANCIENT_MUMMY,Rotten_Bandage,10000,Memento,10000,Glove_,10,Silver_Ring,1500,Yellow_Herb,6500,Rough_Oridecon,1500,Rough_Elunium,1000,Ancient_Mummy_Card,10
ANDRE,Insect_Peeling,10000,Garlet,10000,Sticky_Mucus,5000,Green_Live,500,Star_Dust,40,Iron_Ore,3500,Rough_Elunium,280,Andre_Card,10
ANGELING,Angel_Wing,1000,Scapulare_,600,Yggdrasil_Leaf,5000,Halo,10,White_Herb,10000,Apple,280,Emperium,400,Angeling_Card,10
ANOLIAN,Anolian_Skin,10000,Crystal_Arrow#5-50,10000,Royal_Jelly,50,,0,Solid_Shell,10000,Brooch_,10,Oridecon,1340,Anolian_Card,10
ANT_EGG,Phracon,3200,Shell,10000,Jellopy,10000,Sticky_Mucus,6500,Empty_Bottle,10000,Iron_Ore,2000,,0,Ant_Egg_Card,10
ANTIQUE_FIRELOCK,Iron,10000,Apple_of_Archer,10,Large_Jellopy,10000,Yellow_Herb,400,Yam,3500,Panacea,2500,Cyclone_,50,Firelock_Soldier_Card,10
ANTONIO,Gift_Box,5000,Red_Stocking,5000,Candy,10000,Water_Lily_Hat,50
ANUBIS,Rotten_Bandage,10000,Healing_Staff,100,Memento,5500,Oridecon,1050,Cultish_Masque,10000,Celebrant's_Mitten,10,Wand_of_Occult,30,Anubis_Card,10
ARCHANGELING,Evil_Wing,1000,Yggdrasil_Leaf,10000,Yggdrasil_Seed,1500,Agate,10000,Angel_Wing,1000,Full_Plate_,30,Turquoise,10000,Archangeling_Card,10
ARCHER_SKELETON,Skel-Bone,10000,Rough_Oridecon,700,Apple_of_Archer,30,Great_Bow_,350,Fire_Arrow,10000,Red_Herb,10000,Bow,1500,Archer_Skeleton_Card,10
ARCLOUSE,Round_Shell,10000,Sticky_Mucus,10000,Solid_Shell,8000,Zargon,4500,Red_Gemstone,3000,Great_Nature,200,Zargon,10000,Arclouse_Card,10
ARGIOPE,Bug_Leg,10000,Zargon,10000,Rough_Elunium,1750,Boots_,50,Green_Herb,10000,Amethyst,100,,0,Argiope_Card,10
ARGOS,Cobweb,10000,Scell,10000,Bug_Leg,5000,Rough_Elunium,610,Green_Herb,6700,Yellow_Herb,2500,,0,Argos_Card,10
ASSULTER,Turtle_Shell,10000,Destroyed_Armor,10000,Old_Shuriken,8400,Yellow_Herb,10000,Zargon,10000,Huuma_Wing_Shuriken,50,Old_Blue_Box,10,Assaulter_Card,10
ASTER,Sticky_Mucus,5000,Coral_Reef,400,Single_Cell,10000,Yellow_Herb,2000,Zargon,600,Apple,1000,,0,Aster_Card,10
BAPHOMET,Crescent_Scythe,9000,Majestic_Goat,9000,Clip,8000,Emperium,5000,Old_Purple_Box,10000,Elunium,10000,Oridecon,10000,Baphomet_Doll,10000,Okolnir_Key,10000,Baphomet_Card,10
BAPHOMET_,Evil_Horn,5000,Oridecon,630,Halberd_,20,Yggdrasil_Berry,500,Yggdrasil_Leaf,1000,Yellow_Herb,10000,Boots,500,Baphomet_Jr._Card,10
BATHORY,Star_Dust,2000,Witch_Starsand,10000,Wizard_Hat,30,Arc_Wand_,50,Star_Crumb,300,Old_Magicbook,150,Old_Broom,200,Bathory_Card,10
BIGFOOT,Bear's_Footskin,10000,Poo_Poo_Hat,50,Animal_Skin,10000,Puppet,800,Potato,10000,Honey,4500,Rough_Oridecon,430,Bigfoot_Card,10
BLACK_MUSHROOM,Alcohol,500,Detrimindexta,500,Dew_Laden_Moss,200,Soft_Fluff,10000,Crystal_Blue,8000,Mushroom_Spore,10000,Mushroom_Spore,10000,Poison_Spore,10000
BLOODY_KNIGHT,Brigan,10000,Helm_,1200,Full_Plate_,800,Strong_Shield,620,Katzbalger,3000,Pole_Axe,20,Elunium,4330,Agate,10000,Bloody_Knight_Card,10
BLUE_PLANT,Blue_Herb,10000,Flower,10000,Shoot,10000,Stem,5000,Pointed_Scale,3000,Mastela_Fruit,500,Grape,10000,Romantic_Leaf,20
BON_GUN,Short_Daenggie,10000,Old_Portrait,400,Worn_Out_Scroll,600,Bongun_Hat,10,Amulet,150,Yellow_Herb,10000,Yellow_Herb,10000,Bongun_Card,10
BRILIGHT,Glitter_Shell,10000,Wind_of_Verdure,2000,Zargon,10000,Butterfly_Wing,10000,Rough_Elunium,2200,Yggdrasil_Leaf,2500,White_Herb,10000,Brilight_Card,10
C_TOWER_MANAGER,Needle_of_Alarm,10000,Brigan,10000,Steel,5000,Hinalle_Leaflet,8500,Memory_Book,10,Key_of_Clock_Tower,10000,Key_of_Underground,10000,Cloud_Tower_Manager_Card,10
CARAMEL,Porcupine_Quill,10000,Coat_,50,Animal_Skin,10000,Glaive_,100,Spear_,150,Pike_,200,,0,Caramel_Card,10
CARAT,Brigan,10000,Ice_Cream,10000,High_Heels,50,Joker_Jester,10,,0,,0,White_Herb,10000,Carat_Card,10
CAT_O_NINE_TAIL,Puppy_Love,10,Silver_Knife_of_Chastity,1500,,0,Elunium,6000,Oridecon,8000,Gold,60,Old_Purple_Box,10,Cat_O'_Nine_Tails_Card,10
CHEPET,Matchstick,10000,Zargon,7500,Apple,10000,Unripe_Apple,400,,0,Yellow_Herb,10000,Ragamuffin_Manteau,3000,Chepet_Card,10
CHIMERA,Brigan,10000,Horrendous_Hair,10000,Lemon,10000,War_Axe,10,Citrin,10000,Great_Axe,10,Oridecon,1600,Chimera_Card,10
CHOCO,Claw_of_Monkey,10000,Yoyo_Tail,10000,Elunium,530,Banana,10000,Tropical_Banana,200,Banana_Juice,10000,Yggdrasil_Berry,250,Choco_Card,10
CHONCHON,Iron,500,Shell,10000,Jellopy,10000,Cutter_,550,Fly_Wing,1000,Chonchon_Doll,50,Iron_Ore,1500,Chonchon_Card,10
CLOCK,Needle_of_Alarm,10000,Trunk,8000,White_Herb,10000,Lemon,3200,Key_of_Clock_Tower,300,Key_of_Underground,300,Elunium,1630,Clock_Card,10
COCO,Acorn,10000,Hood_,200,Fluff,10000,Animal_Skin,10000,Potato,5000,Sandals_,250,Strawberry,6000,Coco_Card,10
CONDOR,Talon,10000,Bow_,1500,Yellow_Gemstone,800,Arrow,10000,Meat,4000,Bird_Feather,10000,Orange,6000,Condor_Card,10
COOKIE,Well-Baked_Cookie,10000,Candy_Cane,1500,Darkgreen_Dyestuffs,10,Chef_King_Orleans_Vol.1,500,Sandals_,300,,0,Candy,3200,Cookie_Card,10
COOKIE_XMAS,Well-Baked_Cookie,10000,Pearl,450,Zargon,2000,Hood_,250,Gift_Box,300,,0,Red_Herb,10000,Christmas_Cookie_Card,10
CORNUTUS,Crystal_Blue,450,Conch,10000,Scell,8000,Rough_Elunium,530,Shield_,50,Solid_Shell,10000,Blue_Gemstone,1000,Cornutus_Card,10
CRAB,Crab_Shell,10000,Nipper,10000,Stone,7000,Star_Dust,130,,0,,0,Rough_Elunium,370,Crab_Card,10
CRAMP,Claw_of_Rat,10000,Monster's_Feed,10000,Sapphire,800,Glass_Bead,1100,,0,Blue_Herb,700,Oridecon,950,Cramp_Card,10
CREAMY,Powder_of_Butterfly,10000,Silk_Robe_,100,Honey,1500,Butterfly_Wing,1000,Fancy_Flower,20,Flower,5000,,0,Creamy_Card,10
CRUISER,Manacles,9000,Monk_Hat,20,Iron,3200,Rough_Wind,50,Scell,10000,Branch,50,Rough_Oridecon,870,Cruiser_Card,10
DARK_FRAME,Brigan,10000,Red_Frame,10000,Manteau,300,,0,,0,Star_Crumb,800,Crystal_Mirror,30,Dark_Frame_Card,10
DARK_ILLUSION,Evil_Bone_Wand,30,Bone_Helm,20,Ragamuffin_Manteau,30,Brigan,10000,Mastela_Fruit,1200,White_Herb,10000,Broad_Sword_,20,Turquoise,10000,Dark_Illusion_Card,10
DARK_LORD,Evil_Bone_Wand,10000,Bone_Helm,8500,Grimtooth,5000,Mage_Coat,8000,Ancient_Cape_,5000,Elunium,10000,Oridecon,10000,Okolnir_Key,10000,Dark_Lord_Card,10
DELETER,Dragon_Skin,10000,Dragon_Canine,10000,Dragon_Tail,10000,Dragon_Scale,10000,,0,,0,,0,Sky_Deleter_Card,10
DELETER_,Dragon_Skin,10000,Dragon_Canine,10000,Dragon_Tail,10000,Dragon_Scale,10000,,0,,0,,0,Earth_Deleter_Card,10
DEMON_PUNGUS,Bacillus,10000,Mould_Powder,10000,Yellow_Gemstone,10000,Witch_Starsand,10000,,0,,0,,0,Demon_Fungus_Card,10
DENIRO,Insect_Peeling,10000,Garlet,10000,Sticky_Mucus,10000,Red_Blood,500,Star_Dust,80,Iron_Ore,4500,Rough_Elunium,340,Andre_Card,10
DESERT_WOLF,Katar_,50,Claw_of_Desert_Wolf,10000,Mink_Coat,10,Meat,10000,Wolf_Claw,10000,Rough_Oridecon,530,Stiletto_,1400,Desert_Wolf_Card,10
DESERT_WOLF_B,Phracon,850,Animal_Skin,10000,Adventurer's_Suit_,800,Meat,6000,Cotton_Shirt,2000,Asura_,50,Orange,10000,Baby_Desert_Wolf_Card,10
DEVIACE,Mystic_Frozen,250,Ancient_Tooth,10000,Ancient_Lips,10000,Aerial,20,Detrimindexta,2000,Katar_of_Frozen_Icicle,30,Rough_Oridecon,1610,Deviace_Card,10
DEVILING,Little_Evil_Wing,10000,Zargon,10000,Evil_Wing,1000,Apple,10000,Blade_Lost_in_Darkness,10,Black_Dyestuffs,1000,,0,Deviling_Card,10
DEVIRUCHI,Little_Evil_Horn,10000,Little_Evil_Wing,4000,Oridecon,20,Partizan_,20,Hand_of_God,50,Zargon,10000,Rough_Oridecon,1540,Deviruchi_Card,10
DOKEBI,Dokebi_Horn,10000,Rough_Elunium,1500,Sword_Mace_,20,Mighty_Staff,10,Gold,10,Club,3000,Hammer_of_Blacksmith,50,Dokebi_Card,10
DOPPELGANGER,Full_Plate_,5000,Broad_Sword_,4400,Zweihander,3000,Spiky_Band,7000,Lance_,10000,Elunium,10000,Oridecon,10000,Okolnir_Key,10000,Doppelganger_Card,10
DRACULA,Yggdrasil_Berry#1-3,10000,Wizardry_Staff,3000,Ballista,3000,Ancient_Cape_,6000,Ring_,1600,Book_of_the_Apocalypse,1600,Okolnir_Key,10000,Dracula_Card,10
DRAGON_FLY,Sweet_Gent,2000,Red_Herb,10000,Amethyst,10000,Chonchon_Doll,10000,Clip,10000,Rusty_Iron,500,Grape_Juice,10000,Dragon_Fly_Card,10
DRAGON_TAIL,Wing_of_Dragonfly,10000,Round_Shell,4000,Solid_Shell,8000,Fancy_Flower,80,Cap,20,Fly_Wing,3000,Butterfly_Wing,1500,Dragon_Tail_Card,10
DRAINLIAR,Emveretarcon,600,Tooth_of_Bat,10000,Sardonyx,200,Red_Herb,10000,Wing_of_Red_Bat,10000,Wing_of_Red_Bat,10000,Rough_Oridecon,400,Drainliar_Card,10
DRAKE,Saber_,6000,Ring_Pommel_Saber_,9500,Cutlus,3000,Haedonggum_,4000,Corsair,3500,Elunium,10000,Oridecon,10000,Okolnir_Key,10000,Drake_Card,10
DRILLER,Frill,10000,Yellow_Gemstone,10000,Red_Gemstone,10000,,0,,0,,0,,0,Driller_Card,10
DROPS,Jellopy,10000,Rod_,800,Sticky_Mucus,5000,Apple,10000,Empty_Bottle,10000,Apple,8000,Orange_Juice,200,Drops_Card,10
DUSTINESS,Moth_Dust,10000,Moth_Wings,5000,Masquerade,40,Insect_Feeler,10000,Star_Dust,100,Red_Herb,10000,,0,Dustiness_Card,10
ECLIPSE,Cute_Ribbon,2000,Red_Herb,10000,Opal,10000,Glass_Bead,10000,Four_Leaf_Clover,300,Rainbow_Carrot,500,Angel's_Protection,10000,Carrot_Juice,10000,Eclipse_Card,10
EDDGA,Fire_Brand,9000,Pipe,10000,Honey,10000,Katar_of_Raging_Blaze,10000,Tiger_Footskin,10000,Elunium,10000,Oridecon,10000,Okolnir_Key,10000,Eddga_Card,10
EGGYRA,Scell,10000,Egg_Shell,200,Piece_of_Egg_Shell,5500,Red_Herb,10000,Pet_Incubator,3000,Concentration_Potion,2500,Rough_Elunium,570,Eggyra_Card,10
ELDER,Worn_Out_Magic_Scroll,10000,Torn_Magic_Book,10000,Torn_Scroll,10000,Encyclopedia,100,Wizardry_Staff,10,Old_Card_Album,10,Key_of_Underground,10000,Elder_Card,10
EVIL_DRUID,Biretta_,100,Evil_Bone_Wand,10,Ragamuffin_Manteau,20,Bible,100,Yggdrasil_Leaf,2000,,0,White_Herb,10000,Evil_Druid_Card,10
EXECUTIONER,Bloody_Edge,10000,Phlogopite,10000,Rapier_,800,Scimiter_,600,Ring_Pommel_Saber_,400,Steel,1200,Oridecon,1450,Executioner_Card,10
FABRE,Fluff,10000,Soft_Fluff,5000,Club_,800,Emerald,50,Green_Herb,7000,Clover,10000,Club,2000,Fabre_Card,10
FARMILIAR,Tooth_of_Bat,10000,Falchion_,200,Ribbon_,150,Fly_Wing,500,Grape,1000,Red_Herb,7000,Concentration_Potion,500,Familiar_Card,10
FLORA,Maneater_Blossom,10000,Sunflower,30,Aloe,100,Aloe_Leaflet,500,Singing_Flower,200,Stem,10000,Witherless_Rose,10,Flora_Card,10
FREEZER,Turtle_Shell,10000,Broken_Shell,8500,Ice_Cubic,10000,Zargon,10000,Royal_Jelly,1600,Cyfar,6000,,0,Freezer_Card,10
FRILLDORA,Frill,10000,Rough_Elunium,900,Reptile_Tongue,10000,Emerald,150,Yellow_Gemstone,2000,Red_Herb,8000,Zargon,1200,Frilldora_Card,10
FUR_SEAL,Zargon,10000,Blue_Herb,2500,Coat_,50,Cyfar,10000,Guisarme_,10,Panacea,2000,Glass_Bead,1200,Fur_Seal_Card,10
GALAPAGO,Cyfar,10000,Yggdrasil_Leaf,1000,Yellow_Herb,10000,Aloevera,1000,Anodyne,1000,Galapago_Cap,10,Orange,10000,Galapago_Card,10
GARGOYLE,Zargon,10000,Little_Evil_Wing,5000,Manteau_,20,,0,Bow_Thimble,10,Mute_Arrow,10000,Rough_Elunium,2380,Gargoyle_Card,10
GARM,Fang_of_Hati,10000,Ice_Falchion,9000,Katar_of_Frozen_Icicle,5000,Hati_Claw,5000,,0,Elunium,10000,Oridecon,10000,Okolnir_Key,10000,Hati_Card,10
GARM_BABY,Nursing_Bottle,10000,Pinafore,10000,Ice_Cubic,10000,Frozen_Rose,1000,,0,,0,,0,Hati_Baby_Card,10
GEOGRAPHER,Maneater_Blossom,10000,Maneater_Root,10000,Sunflower,300,Fancy_Flower,500,,0,,0,,0,Geographer_Card,10
GHOSTRING,Fabric,10000,Ghost_Bandana,1000,Thief_Clothes_,500,Dead_Branch,5000,Old_Blue_Box,100,Emperium,300,,0,Ghostring_Card,10
GHOUL,Horrendous_Mouth,10000,Rough_Oridecon,1100,White_Herb,7000,Green_Herb,8000,Skull_Ring,600,Memento,1500,Sharpened_Legbone_of_Ghoul,10,Ghoul_Card,10
GIANT_HONET,Royal_Jelly,5500,Honey,10000,Mastela_Fruit,120,Yggdrasil_Leaf,150,Staff_,30,Pearl,200,Belt,10,Giant_Hornet_Card,10
GIEARTH,Great_Nature,300,Coal,1500,Elder_Pixie's_Moustache,10000,Elven_Ears,10,Cap_,100,Star_Dust,1000,,0,Giearth_Card,10
GOAT,Antelope_Horn,10000,Antelope_Skin,10000,Empty_Bottle,10000,Red_Herb,5000,Blue_Herb,10000,Yellow_Herb,10000,Green_Herb,10000,Goat_Card,10
GOBLIN_1,Iron,2700,Scell,10000,Rough_Oridecon,430,Goblin_Mask,30,Dirk_,100,Buckler_,50,Red_Herb,10000,Goblin_Card,10
GOBLIN_2,Iron,2500,Scell,10000,Indian_Fillet,30,Flail_,100,Buckler_,10,Red_Herb,10000,Goblin_Mask,30,Goblin_Card,10
GOBLIN_3,Iron,2300,Scell,10000,Red_Bandana,30,Surprised_Mask,150,Buckler_,10,Red_Herb,10000,Yellow_Herb,2200,Goblin_Card,10
GOBLIN_4,Green_Live,1000,Iron,1700,Poker_Face,150,Zorro_Masque,30,Smasher_,100,Buckler_,10,Red_Herb,10000,Goblin_Card,10
GOBLIN_5,Iron,1500,Scell,10000,Wand_,150,Buckler_,10,Annoyed_Mask,150,Red_Herb,10000,Yellow_Herb,2200,Goblin_Card,10
GOBLIN_ARCHER,Goblin_Mask,30,Iron,2500,Scell,10000,Oridecon_Arrow#2-10,10000,Red_Herb,6000,Composite_Bow_,250,Grape,3000,Goblin_Archer_Card,10
GOBLIN_LEADER,Brigan,10000,Steel,8000,Rough_Oridecon,1200,Goblin_Leader_Mask,1500,Buckler_,400,Shield_,2000,Yellow_Herb,6500,Angry_Snarl,1500,Goblin_Leader_Card,10
GOBLINE_XMAS,Wrapping_Lace,5500,Wrapping_Paper,5500,Rough_Oridecon,430,Gift_Box,445,Dirk_,100,Buckler_,50,Santa_Hat,100,Goblin_Card,10
GOLDEN_BUG,Gold,10000,Golden_Mace,1500,Golden_Gear,2500,,0,Emperium,3000,Elunium,10000,Oridecon,10000,Golden_Thief_Bug_Card,10
GOLEM,Steel,1500,Stone_Heart,10000,Zargon,2200,Rough_Elunium,700,Coal,2100,Yellow_Gemstone,2000,Iron,3500,Golem_Card,10
GRAND_PECO,Peco_Peco_Feather,10000,Mastela_Fruit,3000,Wind_of_Verdure,10000,Gold,10,,0,,0,Orange,5000,Grand_Peco_Card,10
GREATEST_GENERAL,Brigan,10000,Trunk,10000,Club,1000,Authoritative_Badge,3000,Stop_Post,10,Yellow_Herb,2500,,0,Greatest_General_Card,10
GREEN_PLANT,Green_Herb,10000,Flower,10000,Bitter_Herb,200,Stem,10000,Pointed_Scale,10000,Aloe,500,Aloe_Leaflet,500,Romantic_Leaf,20
GRYPHON,Talon_of_Griffon,10000,Brigan,10000,Soft_Feather,1200,Guisarme_,10000,Pole_Axe,10,Oridecon,1850,Rough_Wind,1500,Peridot,10000,Gryphon_Card,10
HARPY,Harpy_Feather,10000,Harpy_Talon,10000,Yellow_Herb,10000,Yellow_Herb,8000,Izidor,200,Electric_Fist,200,,0,Harpy_Card,10
HEATER,Turtle_Shell,10000,Broken_Shell,7500,,0,Zargon,10000,Royal_Jelly,1400,Brigan,6000,Burnt_Tree,10000,Heater_Card,10
HIGH_ORC,Ogre_Tooth,10000,Orcish_Axe,100,Steel,900,Orcish_Voucher,10000,Zargon,10000,Rough_Oridecon,1960,Yellow_Herb,9000,High_Orc_Card,10
HODE,Green_Live,1200,Earthworm_Peeling,10000,Rough_Elunium,800,Sticky_Mucus,10000,Town_Sword,100,Foolishness_of_the_Blind,10,Fatty_Chubby_Earthworm,200,Hode_Card,10
HORN,Green_Live,800,Emveretarcon,350,Horn,10000,Guisarme_,150,Shell,10000,Solid_Shell,700,,0,Horn_Card,10
HORNET,Wind_of_Verdure,800,Bee_Sting,10000,Jellopy,10000,Main_Gauche_,150,Green_Herb,3500,Honey,1500,,0,Hornet_Card,10
HORONG,Stone_Heart,10000,Zargon,5000,Bomb_Wick,50,Fire_Arrow,10000,Rough_Elunium,1180,Sweet_Potato,200,Alcohol,500,Horong_Card,10
HUNTER_FLY,Rough_Wind,300,Steel,1000,Solid_Shell,10000,Zargon,10000,Rough_Oridecon,1290,Mini_Propeller,10,Damascus_,20,Hunter_Fly_Card,10
HYDRA,Emveretarcon,250,Tentacle,10000,Sticky_Mucus,10000,Detrimindexta,200,Panacea,50,Meat,7000,,0,Hydra_Card,10
ICE_TITAN,Glacial_Heart,10000,Ice_Cubic,10000,Frozen_Rose,1000,Oridecon,100,Elunium,300,,0,Mystic_Frozen,1000,Ice_Titan_Card,10
INCANTATION_SAMURAI,Masamune,8000,Elunium,10000,Assassin_Mask,5000,Yggdrasil_Berry,10000,Steel,10000,Huuma_Blaze_Shuriken,10000,Azoth,2600,Okolnir_Key,10000,Samurai_Specter_Card,10
INJUSTICE,Steel,3000,Brigan,10000,Cyfar,10000,Padded_Armor_,50,Full_Plate,20,Forbidden_Red_Candle,20,Jamadhar_,20,Injustice_Card,10
IRON_FIST,Tail_of_Steel_Scorpion,10000,Rough_Elunium,2290,Rough_Elunium,220,Iron_Ore,7500,Steel,1800,Iron,3000,,0,Iron_Fist_Card,10
ISIS,Scale_Shell,10000,Circlet_,50,Necklace,10,Cracked_Diamond,1500,3_Carat_Diamond,200,Shining_Scale,10000,2_Carat_Diamond,50,Isis_Card,10
JAKK,Jack_o'_Pumpkin,10000,Zargon,9000,Elunium,310,Tights_,50,Necklace_of_Oblivion,50,Pumpkin,10000,,0,Jakk_Card,10
JOKER,Zargon,10000,Old_Card_Album,20,Contract_in_Shadow,200,Yellow_Herb,10000,Katar_of_Piercing_Wind,10,Oridecon,1000,,0,Joker_Card,10
KAPHA,Yellow_Plate,10000,Cyfar,10000,Huuma_of_Calm_Mind,200,Aloe_Leaflet,10000,Ment,20,Loner's_Guitar,100,Jitte_,50,Kappa_Card,10
KARAKASA,Oil_Paper,10000,Piece_of_Bamboo,10000,Trunk,10000,Slick_Paper,10000,Zargon,10000,Glass_Bead,300,Murasame,50,Karakasa_Card,10
KHALITZBURG,Skel-Bone,10000,Elunium,1910,Bone_Helm,10,Mirror_Shield_,20,Chivalry_Emblem,100,White_Herb,10000,Saber_,20,Khalitzburg_Card,10
KILLER_MANTIS,Mantis_Scythe,10000,Solid_Shell,10000,Emerald,100,White_Herb,150,Grape,250,Loki's_Nail,10,Mirror_Shield_,10,Killer_Mantis_Card,10
KIND_OF_BEETLE,Solid_Husk,10000,Pincher_of_Beetle,10000,Insect_Feeler,10000,Insect_Peeling,5000,Guard_,10,,0,,0,Beetle_King_Card,10
KNIGHT_OF_ABYSS,Reins,10000,Blade_Lost_in_Darkness,500,Lord's_Clothes,150,Lance,500,Broad_Sword_,150,Elunium,3690,Oridecon,2590,Abyssal_Knight_Card,10
KNIGHT_OF_WINDSTORM,Zephyrus,9000,Old_Blue_Box,10000,Old_Purple_Box,10000,Ring_,4000,Manteau_,6000,Elunium,10000,Grand_Circlet,500,Okolnir_Key,10000,Stormy_Knight_Card,10
KOBOLD_1,Steel,1000,Blue_Hair,10000,Zargon,7000,Rough_Elunium,250,Gladius_,20,Buckler_,50,,0,Kobold_Card,10
KOBOLD_2,Steel,1000,Blue_Hair,10000,Zargon,2000,Buckler_,30,Yellow_Herb,1000,Guard,1000,,0,Kobold_Card,10
KOBOLD_3,Red_Blood,350,Steel,1000,Blue_Hair,10000,Zargon,2000,Hammer_,50,Buckler_,30,Yellow_Herb,1000,Kobold_Card,10
KOBOLD_ARCHER,Zargon,2500,Steel,600,Blue_Hair,10000,Puppy_Headband,500,Poison_Arrow,10000,Cross_Bow_,50,Rough_Oridecon,790,Kobold_Archer_Card,10
KOBOLD_LEADER,Steel,4500,Blue_Hair,10000,Zargon,10000,Necklace_,800,Mighty_Staff,6000,Panacea,1500,Royal_Jelly,1000,Turquoise,3000,Kobold_Leader_Card,10
KUKRE,Crystal_Blue,300,Insect_Peeling,10000,Garlet,4000,Monster's_Feed,5000,Red_Herb,6500,Insect_Feeler,4500,Earthworm_the_Dude,200,Kukre_Card,10
LEIB_OLMAI,Bear's_Footskin,10000,Poo_Poo_Hat,80,Puppet,1200,Honey,5000,,0,Gold,50,Cyfar,8000,Leib_Olmai_Card,10
LUNATIC,Clover,10000,Soft_Fluff,10000,Clown_Nose,40,Apple,10000,Red_Herb,6000,Carrot,10000,Rainbow_Carrot,200,Lunatic_Card,10
MAGNOLIA,Old_Frying_Pan,10000,Garlet,8000,Scell,1000,Zargon,100,Black_Ladle,400,Yellow_Herb,4000,,0,Magnolia_Card,10
MAJORUROS,Nose_Ring,10000,Two-Handed_Axe_,40,Lemon,3000,Oridecon,160,White_Herb,10000,Silver_Ring,1600,Star_Crumb,2500,Majorous_Card,10
MANDRAGORA,Green_Live,500,Stem,10000,Spear_,300,Green_Herb,3500,Shoot,3000,Four_Leaf_Clover,30,Gaia_Whip,100,Mandragora_Card,10
MANTIS,Green_Live,1100,Mantis_Scythe,10000,Scell,10000,Rough_Elunium,700,Solid_Shell,2500,Emerald,100,Red_Herb,6500,Mantis_Card,10
MARC,Mystic_Frozen,180,Gill,10000,Rough_Oridecon,950,Fin,10000,Aquamarine,100,Blue_Gemstone,2000,White_Herb,7000,Marc_Card,10
MARDUK,Flame_Heart,350,Cultish_Masque,10000,Staff_,100,Celebrant's_Mitten,10,Wand_of_Occult,30,,0,Book_of_the_Devil,200,Marduk_Card,10
MARIN,Garlet,10000,Sticky_Mucus,10000,,0,Aquamarine,400,Blue_Herb,750,Candy,3500,Poring_Hat,10,Marin_Card,10
MARINA,Single_Cell,10000,Sticky_Mucus,10000,Crystal_Blue,450,Mystic_Frozen,20,Blue_Gemstone,2000,Deadly_Noxious_Herb,200,,0,Marina_Card,10
MARINE_SPHERE,Tendon,10000,Detonator,10000,Chain_,100,Aquamarine,100,Blue_Gemstone,1500,,0,,0,Marine_Sphere_Card,10
MARIONETTE,Golden_Hair,10000,Stellar,50,Brooch,10,,0,Chain_,150,Crystal_Pumps,10,Marionette_Doll,30,Marionette_Card,10
MARSE,Squid_Ink,10000,Tentacle,10000,Blue_Gemstone,2000,Aquamarine,100,Mystic_Frozen,120,Necklace_of_Wisdom,50,Grape,3000,Marse_Card,10
MARTIN,Mole_Whiskers,10000,,0,Jur_,100,Goggles_,50,Safety_Helmet,10,,0,Goggles,150,Martin_Card,10
MASTERING,Unicorn_Horn,2000,Unripe_Apple,500,Pearl,10000,Angel's_Guard,10000,Apple,10000,Apple,10000,Apple_Juice,10000,Mastering_Card,10
MATYR,Matyr's_Leash,100,Monster's_Feed,10000,Animal_Skin,10000,Pet_Food,4000,Rough_Elunium,1000,Grape,2000,,0,Matyr_Card,10
MAYA,,0,Safety_Ring,4000,Tiara,8000,Armlet_of_Obedience,5000,Mother's_Nightmare,8000,Elunium,10000,Oridecon,10000,Okolnir_Key,10000,Maya_Card,10
MAYA_PUPLE,Cyfar,10000,Rough_Elunium,2500,Rough_Oridecon,3000,Gold,1000,Oridecon,1500,,0,,0,Maya_Purple_Card,10
MEDUSA,Horrendous_Hair,10000,Red_Flame_Whip,2500,Animal_Gore,2000,,0,Pearl,2500,Turtle_Shell,10000,Necklace_of_Wisdom,30,Medusa_Card,10
MEGALITH,Zargon,1000,Stone,10000,Old_Purple_Box,10,,0,,0,Elunium,610,Rough_Elunium,2070,Megalith_Card,10
MEGALODON,Rotten_Scale,10000,Skel-Bone,10000,Blue_Herb,800,Blue_Gemstone,1200,Amethyst,100,Old_Blue_Box,20,Rotten_Fish,200,Megalodon_Card,10
MERMAN,Ancient_Lips,10000,Holy_Water,3000,Lemon,4000,Aquamarine,400,Mystic_Frozen,350,Trident,30,Rough_Oridecon,2030,Merman_Card,10
METALLER,Red_Blood,600,Grasshopper's_Leg,10000,Scell,4000,Rough_Elunium,490,Singing_Plant,200,Shell,10000,Burning_Passion_Guitar,100,Metaller_Card,10
MIMIC,Old_Purple_Box,50,Old_Blue_Box,450,Trap,10000,Magnifier,10000,Emperium,30,Rosary_,10,Rough_Elunium,2700,Mimic_Card,10
MINOROUS,Nose_Ring,10000,Rough_Oridecon,1960,Two-Handed_Axe_,20,Hammer_of_Blacksmith,100,Potato,10000,Axe,2000,Lemon,3000,Minorous_Card,10
MISTRESS,Gungnir,4500,Honey,10000,Coronet,6000,Old_Card_Album,10000,Young_Twig,10000,Elunium,10000,Oridecon,10000,Okolnir_Key,10000,Mistress_Card,10
MIYABI_NINGYO,Glossy_Hair,10000,Worn_Out_Kimono,10000,White_Herb,10000,Star_Crumb,10000,,0,Hakujin,50,Mandolin_,20,Miyabi_Doll_Card,10
MOBSTER,Poison_Knife,30,Sapphire,10000,Ring_,10,Red_Gemstone,6000,Zargon,10000,Panacea,4500,Blue_Potion,600,Mobster_Card,10
MOONLIGHT,Spectral_Spear,10000,Moonlight_Dagger,4000,Long_Mace,6000,,0,Silver_Knife_of_Chastity,6500,Elunium,10000,Oridecon,10000,Okolnir_Key,10000,Moonlight_Flower_Card,10
MUKA,Green_Live,700,Cactus_Needle,10000,Empty_Bottle,10000,Green_Herb,4000,Red_Herb,10000,Guisarme,500,Iron_Ore,2500,Muka_Card,10
MUMMY,Rotten_Bandage,10000,Rough_Oridecon,1000,Memento,5500,Glove,10,Silver_Ring,100,Panacea,2500,Yellow_Herb,8500,Mummy_Card,10
MUNAK,Daenggie,10000,Munak_Hat,20,Shoes_,150,Amulet,200,Ninja_Suit,10,Adventurer's_Suit,1000,Girl's_Diary,50,Munak_Card,10
MUTANT_DRAGON,Brigan,10000,Dragon_Canine,5000,Dragon_Scale,5000,Rotten_Bandage,5000,Legacy_of_Dragon,4000,Pyroxene,10000,Dragon_Breath,500,Mutant_Dragonoid_Card,10
MYST,Gas_Mask,20,Trunk,8000,,0,Rough_Oridecon,650,Rough_Elunium,970,Anodyne,200,Grape,350,Ring,10,Myst_Card,10
MYSTCASE,Candy_Cane,900,Zargon,10000,Old_Blue_Box,200,Piece_of_Cake,8000,Pearl,1500,2_Carat_Diamond,50,Candy,3400,Myst_Case_Card,10
MYSTELTAINN,Loki's_Whispers,5000,Biotite,10000,Slayer_,700,Bastard_Sword_,400,Claymore,20,Steel,1200,Oridecon,2430,Mistilteinn_Card,10
NERAID,Earthworm_Peeling,10000,Cyfar,10000,Blue_Herb,2300,Icicle_Whip,100,Grape,2500,Rough_Elunium,1800,Elunium,370,Nereid_Card,10
NIGHTMARE,Horseshoe,10000,Blue_Herb,5000,Rosary,20,Old_Blue_Box,300,Blue_Potion,1000,Infiltrator,10,Oridecon,600,Nightmare_Card,10
NINE_TAIL,Nine_Tails,10000,Glass_Bead,2000,Old_Blue_Box,1000,Dead_Branch,1000,Royal_Jelly,2500,Panacea,3500,Rough_Oridecon,1000,Nine_Tail_Card,10
OBEAUNE,Mystic_Frozen,130,Heart_of_Mermaid,10000,Fin_Helm,10,Saint's_Robe_,100,Aquamarine,100,Fin,5000,Witherless_Rose,300,Obeaune_Card,10
ORC_ARCHER,Fang,10000,Steel_Arrow#1-10,10000,Stone_Arrow#1-10,10000,Wind_Arrow#1-10,10000,Orc_Archer_Bow,20,Red_Herb,10000,White_Herb,9000,Orc_Archer_Card,10
ORC_BABY,Large_Jellopy,10000,,0,Orc_Helm,10,Milk,10000,Nursing_Bottle,2000,Pinafore,1000,,0,Orc_Baby_Card,10
ORC_LADY,Cyfar,10000,Iron,3000,Earring,10,Wedding_Veil,10,,0,,0,Wedding_Dress,10,Orc_Lady_Card,10
ORC_LORD,Bloody_Axe,4000,Ring,10000,Grand_Circlet,4500,Belt,10000,Okolnir_Key,10000,Elunium,10000,Oridecon,10000,Orc_Lord_Card,10
ORC_SKELETON,Orc's_Fang,10000,Skel-Bone,10000,Rough_Elunium,800,Orc_Helm,20,Buster_,100,Green_Herb,500,,0,Orc_Skeleton_Card,10
ORC_ZOMBIE,Orc_Claw,10000,Sticky_Mucus,10000,Emperium,10,,0,,0,,0,,0,Orc_Zombie_Card,10
ORK_HERO,Heroic_Emblem,10000,,0,Light_Epsilon,4500,Shield_,7500,Orcish_Sword,10000,Elunium,10000,Oridecon,10000,Okolnir_Key,10000,Orc_Hero_Card,10
ORK_WARRIOR,Iron,2100,Orcish_Voucher,10000,Rough_Oridecon,400,Cigarette,30,Battle_Axe_,100,Orcish_Axe,50,Axe,1000,Orc_Warrior_Card,10
OSIRIS,Old_Purple_Box,10000,Assassin_Dagger,4500,Crown,4000,Jamadhar_,10000,Hand_of_God,10000,Sphinx_Hat,4500,Oridecon,10000,Osiris_Doll,10000,Okolnir_Key,10000,Osiris_Card,10
OWL_BARON,Tattered_Clothes,10000,Soft_Feather,10000,Gakkung_Bow_,20,Soul_Staff,800,Javelin_,250,,0,Magician_Hat,50,Owl_Baron_Card,10
OWL_DUKE,Tattered_Clothes,10000,Soft_Feather,10000,,0,Crystal_Mirror,10,Guisarme,30,Morning_Star,20,Magician_Hat,10,Owl_Duke_Card,10
PANZER_GOBLIN,Cyfar,10000,Brigan,10000,Steel,1800,Iron,3600,Coal,5800,Butcher,50,Flame_Heart,1600,Panzer_Goblin_Card,10
PASANA,Broken_Sword,10000,Honey_Pot,10000,Rough_Elunium,200,Falchion_,5000,Stiletto_,1500,Undershirt,1000,,0,Pasana_Card,10
PECOPECO,Bill_of_Bird,10000,Sandals_,200,Yellow_Herb,2000,Red_Herb,9000,Wand,1000,,0,Orange,10000,Peco_Peco_Card,10
PECOPECO_EGG,Phracon,2500,Shell,10000,Guard_,20,Red_Herb,4000,Red_Herb,4000,Empty_Bottle,10000,China,100,Peco_Peco_Egg_Card,10
PENOMENA,Coral_Reef,10000,Tentacle,10000,Sticky_Mucus,10000,Panacea,2000,Amethyst,150,Katar_of_Raging_Blaze,10,Red_Gemstone,5500,Penomena_Card,10
PERMETER,Turtle_Shell,10000,Broken_Shell,450,Trunk,10000,Red_Herb,10000,Zargon,10000,Mastela_Fruit,250,Anodyne,10,Permeter_Card,10
PEST,Earthworm_Peeling,10000,Brigan,2000,Animal_Gore,100,Anodyne,1000,Red_Gemstone,2500,,0,Rough_Oridecon,1150,Pest_Card,10
PETIT,Dragon_Canine,10000,Dragon_Tail,3000,Rough_Oridecon,1400,White_Herb,10000,Flail,1500,Zargon,10000,Aloevera,150,Earth_Petite_Card,10
PETIT_,Dragon_Scale,10000,Dragon_Tail,3000,Elunium,610,White_Herb,10000,Khukri,50,Zargon,10000,Aloevera,150,Sky_Petite_Card,10
PHARAOH,Broken_Pharaoh_Emblem,10000,Masque_of_Tutankhamen,10000,Solar_Sword,5000,Holy_Robe,1500,Jewel_Crown,10000,Tablet,6000,Bazerald,2000,Okolnir_Key,10000,Pharaoh_Card,10
PHEN,Fish_Tail,10000,Sharp_Scale,10000,Aquamarine,50,Meat,10000,Fin,5000,Rough_Oridecon,250,,0,Phen_Card,10
PHENDARK,Tongue,10000,Executioner's_Mitten,40,White_Herb,10000,,0,Oridecon,1500,Electric_Wire,1000,,0,Phendark_Card,10
PHREEONI,Tongue,10000,Fortune_Sword,8000,Sucsamad,4500,Ant_Jaw,10000,Mr._Scream,6000,Elunium,10000,Oridecon,10000,Okolnir_Key,10000,Phreeoni_Card,10
PICKY,Bird_Feather,10000,Soft_Fluff,7000,Cotton_Shirt_,1500,Red_Herb,5500,Milk,3000,Yellow_Gemstone,500,,0,Picky_Card,10
PICKY_,Bird_Feather,10000,Soft_Fluff,7000,Egg_Shell,100,Red_Herb,6000,Milk,3000,Yellow_Gemstone,500,,0,Picky_Egg_Card,10
PIERE,Insect_Peeling,10000,Garlet,10000,Sticky_Mucus,6000,Wind_of_Verdure,300,Star_Dust,50,Iron_Ore,4000,Rough_Elunium,310,Andre_Card,10
PIRATE_SKEL,Skel-Bone,10000,Pirate_Bandana,150,,0,Bandana,2500,Falchion,2500,Rough_Oridecon,430,Well-Dried_Bone,200,Pirate_Skel_Card,10
PLANKTON,Single_Cell,10000,Garlet,3000,Sticky_Mucus,7000,Alcohol,40,Empty_Bottle,10000,Dew_Laden_Moss,200,Concentration_Potion,500,Plankton_Card,10
POISON_SPORE,Poison_Spore,10000,Hat_,200,Green_Herb,5500,Blue_Herb,600,Karvodailnirol,500,Mushroom_Spore,10000,Zargon,50,Poison_Spore_Card,10
POISON_TOAD,Poisonous_Toad_Skin,10000,Poisonous_Powder,10000,Gold_Ring,40,Green_Herb,5400,Cursed_Ruby,20,Royal_Jelly,20,Cinquedea_,100,Poisonous_Toad_Card,10
POPORING,Sticky_Mucus,10000,Garlet,10000,Green_Herb,5000,Grape,2000,Apple,50,Main_Gauche,50,Apple,2500,Poporing_Card,10
PORING,Jellopy,10000,Knife_,1000,Sticky_Mucus,4000,Apple,10000,Empty_Bottle,10000,Apple,1500,Unripe_Apple,200,Poring_Card,10
PUNK,Mould_Powder,10000,Yellow_Gemstone,8000,,0,Witch_Starsand,10000,Moth_Dust,10000,Fly_Wing,10000,Hood_,150,Punk_Card,10
PUPA,Phracon,800,Chrysalis,10000,Sticky_Mucus,6000,Guard_,20,Shell,10000,Sticky_Mucus,6000,Iron_Ore,2000,Pupa_Card,10
RAFFLESIA,Maneater_Root,10000,Scell,10000,Four_Leaf_Clover,20,Ment,100,Hinalle,100,Shoot,5500,White_Herb,300,Rafflesia_Card,10
RAGGLER,Cyfar,10000,Bird_Feather,10000,Concentration_Potion,2000,Grape,2000,Wind_of_Verdure,900,Goggles_,70,Rough_Oridecon,320,Raggler_Card,10
RANDGRIS,Valhalla's_Flower,10000,Valkyrian_Armor,10000,Valkyrian_Manteau,10000,Valkyrian_Shoes,10000,Helm_,10000,Bloody_Edge,10000,,0,,0
RAYDRIC,Elunium,1060,Iron_Cain,10,Chain_Mail_,20,Two-Handed_Sword_,20,Katana,1000,Chivalry_Emblem,100,Brigan,10000,Raydric_Card,10
RAYDRIC_ARCHER,Brigan,10000,,0,Chain_Mail_,20,Bow,1500,Sharp_Arrow,10000,Arbalest_Bow_,30,Elunium,1060,Raydric_Archer_Card,10
RED_MUSHROOM,Alcohol,500,Karvodailnirol,500,Dew_Laden_Moss,200,Soft_Fluff,10000,Red_Blood,10000,Mushroom_Spore,10000,Mushroom_Spore,10000,Poison_Spore,10000
RED_PLANT,Red_Herb,10000,Flower,10000,Shoot,10000,Stem,5000,Pointed_Scale,3000,Fluff,5000,Ment,500,Romantic_Flower,20
REQUIEM,Old_Blue_Box,350,Emperium,10,Zargon,10000,Horrendous_Mouth,10000,Memento,10000,Mantle_,100,,0,Requiem_Card,10
RIDEWORD,Worn_Out_Page,10000,Book_of_Billows,40,Book_of_Mother_Earth,40,Book_of_Blazing_Sun,20,Book_of_Gust_of_Wind,20,Bookclip_in_Memory,3000,Old_Magicbook,200,Rideword_Card,10
ROCKER,Grasshopper's_Leg,10000,Green_Acre_Guitar,100,Green_Feeler,40,Javelin_,800,Hinalle_Leaflet,100,Rocker_Doll,100,Hinalle,100,Rocker_Card,10
RODA_FROG,Sticky_Webfoot,10000,Spawn,5000,Green_Herb,3000,Emerald,70,Empty_Bottle,10000,,0,,0,Roda_Frog_Card,10
ROTAR_ZAIRO,Large_Jellopy,5000,Padded_Armor,10,Cyfar,10000,Steel,4500,Oridecon,10,Zargon,10000,Garlet,10000,Rotar_Zairo_Card,10
RYBIO,Tongue,10000,Executioner's_Mitten,30,White_Herb,10000,2_Carat_Diamond,300,Necklace_of_Oblivion,100,Oridecon,1000,Izidor,300,Rybio_Card,10
SAGEWORM,,0,Worn_Out_Page,10000,Earthworm_Peeling,10000,,0,Blue_Potion,400,,0,Ph.D_Hat,10,Sage_Worm_Card,10
SAND_MAN,Great_Nature,350,Grit,10000,Rough_Elunium,1180,Fine_Sand,3500,Star_Dust,2000,Katar_of_Quaking,10,Hypnotist's_Staff_,50,Sandman_Card,10
SANTA_PORING,Candy,10000,Candy_Cane,10000,Red_Herb,10000,Apple,10000,Santa_Hat,1000,Apple,70,,0,Santa_Poring_Card,10
SASQUATCH,Zargon,7500,White_Herb,8000,Soft_Fluff,10000,Panda_Hat,10,Bear's_Footskin,10000,Opal,300,Rough_Elunium,900,Sasquatch_Card,10
SAVAGE,Mane,10000,Grape,3000,Animal_Gore,20,Angled_Glasses,10,Anodyne,100,Rough_Elunium,700,Royal_Jelly,20,Savage_Card,10
SAVAGE_BABE,Animal_Skin,10000,Axe_,1000,Meat,5000,Arrow,10000,Soft_Fluff,8500,Phracon,800,Sweet_Milk,400,Savage_Babe_Card,10
SCORPION,Red_Blood,700,Scorpion_Tail,10000,Rough_Elunium,570,Solid_Shell,2100,Fine_Grit,1000,Yellow_Herb,2000,Rusty_Iron,200,Scorpion_Card,10
SEE_OTTER,Pearl,1500,Clam_Shell,10000,Sea_Otter_Fur,10000,Sardonyx,500,Sapphire,500,Glass_Bead,6500,Cyfar,10000,Sea_Otter_Card,10
SHELLFISH,Clam_Shell,10000,Clam_Flesh,10000,Stone,5000,Grit,10000,Star_Dust,100,,0,Rough_Elunium,180,Shellfish_Card,10
SHINING_PLANT,Blue_Herb,10000,Yellow_Herb,10000,White_Herb,10000,Illusion_Flower,800,Yggdrasil_Seed,200,Honey,5000,Yggdrasil_Berry,500,Emperium,10
SHINOBI,Broken_Shuriken,10000,Ninja_Suit,20,Cyfar,10000,Shinobi_Sash,1000,Thief_Clothes_,10,Dark_Mask,10000,,0,Shinobi_Card,10
SIDE_WINDER,Shining_Scale,10000,Zargon,10000,Rough_Oridecon,1340,Tsurugi_,20,Venom_Canine,10000,Snake_Scale,10000,White_Herb,10000,Sidewinder_Card,10
SKEL_PRISONER,Manacles,10000,Spoon_Stub,1000,Formal_Suit,10,Red_Gemstone,6000,Rotten_Bandage,10000,Shackles,350,Memento,10000,Skel_Prisoner_Card,10
SKEL_WORKER,Iron,4000,Lantern,10000,Rough_Elunium,900,Safety_Helmet,20,Steel,1000,Coal,2000,Iron_Ore,8000,Skel_Worker_Card,10,Old_Pick,3000
SKELETON,Phracon,900,Skel-Bone,8000,Mace_,800,Jellopy,10000,Red_Herb,8500,Skull_Ring,300,,0,Skeleton_Card,10
SKELETON_GENERAL,Burnt_Tree,10000,Rough_Oridecon,1600,Yellow_Herb,8000,Gladius_,350,Gladius,800,Damascus,30,Ghost_Bandana,10,Skeleton_General_Card,10
SLEEPER,Sand_Clump,10000,Grit,10000,Great_Nature,10000,Rough_Oridecon,3000,Damascus_,50,Hypnotist's_Staff_,50,Fine_Sand,10000,Sleeper_Card,10
SMOKIE,Raccoon_Leaf,10000,Animal_Skin,10000,Potato,8000,Kitty_Band,10,Racoon_Doll,20,Zargon,50,Zircon,20,Smokie_Card,10,Raccoon_Hat,10,Smokie_Leaf,10
SNAKE,Snake_Scale,10000,Katana_,150,Red_Herb,9000,Emveretarcon,350,Venom_Canine,8000,Shining_Scale,10,Strawberry,6000,Boa_Card,10
SOHEE,Black_Hair,10000,Skirt_of_Virgin,500,Nurse_Cap,10,Muffler_,50,Stiletto_,50,Red_Herb,10000,Authoritative_Badge,3500,Sohee_Card,10
SOLDIER_SKELETON,Skel-Bone,10000,Rough_Oridecon,600,Dagger_,120,Red_Herb,7000,Memento,100,Knife,1500,Stiletto,500,Soldier_Skeleton_Card,10
SOLIDER,Turtle_Shell,10000,Broken_Shell,640,Stone_Fragment,8500,Yellow_Herb,10000,Zargon,10000,Honey,8500,Chain,10,Solider_Card,10
SPORE,Mushroom_Spore,10000,Red_Herb,8000,Blue_Herb,500,Spore_Doll,100,Hat,400,Poison_Spore,50,Strawberry,6000,Spore_Card,10
SPRING_RABBIT,Brigan,10000,Cyfar,10000,Soft_Fluff,10000,Green_Herb,10000,Yellow_Herb,8000,Blue_Herb,2000,White_Herb,8000,Spring_Rabbit_Card,10
STAINER,Wind_of_Verdure,700,Emveretarcon,300,Rainbow_Shell,10000,Garlet,10000,Rough_Elunium,250,Solid_Shell,100,Iron_Ore,3000,Stainer_Card,10
STALACTIC_GOLEM,Mud_Lump,10000,Brigan,10000,Star_Crumb,2500,Great_Nature,300,Rough_Elunium,2500,,0,Elunium,1630,Stalactic_Golem_Card,10
STEAM_GOBLIN,Scell,10000,Cyfar,10000,Iron,3000,Steel,550,Coal,3200,Garrison,50,Rough_Elunium,1240,Goblin_Steamrider_Card,10
STEEL_CHONCHON,Wind_of_Verdure,900,Steel,300,Garlet,10000,Shell,10000,Solid_Shell,300,Iron,2000,Iron_Ore,3000,Steel_Chonchon_Card,10
STEM_WORM,Tough_Scalelike_Stem,10000,White_Herb,10000,Skipping_Rope,100,Rough_Oridecon,1150,Great_Nature,50,Glaive,200,Yggdrasil_Seed,450,Stem_Worm_Card,10
STING,Mud_Lump,10000,Stone_Arrow#1-10,10000,Glove_,10,Coal,1300,Great_Nature,250,Silk_Ribbon,100,Amethyst,30,Sting_Card,10
STROUF,Fin,10000,Rough_Oridecon,1150,Grampa_Beard,20,Trident_,20,Soft_Fluff,10000,Aquamarine,200,Gill,10000,Chain_Mail_,20,Strouf_Card,10
SWORD_FISH,Mystic_Frozen,100,Sharp_Scale,10000,Rough_Oridecon,330,Unicorn_Horn,20,Rough_Elunium,500,Katana_,250,Gill,6000,Swordfish_Card,10
TAO_GUNKA,Gemstone,10000,Stone_Fragment,10000,Topaz,10000,Binoculars,8000,White_Potion,10000,Iron_Ore,10000,Gemmed_Sallet_,2000,Okolnir_Key,10000,Tao_Gunka_Card,10
TAROU,Rat_Tail,10000,Animal_Skin,10000,Soft_Fluff,8000,Monster's_Feed,10000,Ora_Ora,20,,0,,0,Tarou_Card,10
TENGU,Tengu_Nose,10000,Broken_Liquor_Jar,10000,Huuma_Giant_Wheel_Shuriken,50,Mastela_Fruit,1500,Huuma_Giant_Wheel_Shuriken_,50,Soft_Feather,5000,,0,Tengu_Card,10
THARA_FROG,Emveretarcon,450,Spawn,10000,Scell,6000,White_Herb,300,Sardonyx,50,Sticky_Webfoot,10000,,0,Thara_Frog_Card,10
THE_PAPER,Slick_Paper,10000,Sharp_Paper,10000,Yellow_Herb,10000,Green_Herb,10000,Kamaitachi,50,,0,,0,The_Paper_Card,10
THIEF_BUG,Insect_Peeling,10000,Jacket_,800,Red_Herb,3500,Jellopy,10000,Jacket,1200,Iron_Ore,2500,,0,Thief_Bug_Card,10
THIEF_BUG_,Insect_Peeling,10000,Garlet,2500,Blade_,150,Insect_Feeler,2000,Red_Herb,4000,Red_Gemstone,500,Iron_Ore,3000,Female_Thief_Bug_Card,10
THIEF_BUG__,Emveretarcon,400,Insect_Feeler,10000,Insect_Peeling,10000,Slayer_,100,Yellow_Herb,900,Zircon,50,Katana,500,Male_Thief_Bug_Card,10
THIEF_BUG_EGG,Phracon,3000,Chrysalis,10000,Guard_,20,Sticky_Mucus,6000,Red_Gemstone,1000,Black_Ladle,100,Iron_Ore,2500,Thief_Bug_Egg_Card,10
TIRFING,Old_Hilt,10000,Silver_Knife_of_Chastity,500,Muscovite,10000,Dagger_,700,Stiletto_,400,Steel,1200,Oridecon,1890,Tyrfing_Card,10
TOAD,Big_Ribbon,500,Honey,10000,Zircon,10000,Glass_Bead,10000,Alcohol,1000,Detrimindexta,1000,Angel's_Kiss,10000,Toad_Card,10
TRI_JOINT,Cyfar,1000,Solid_Shell,3800,Aloevera,2000,Green_Live,1600,Star_Dust,1400,,0,Rough_Elunium,1060,Tri_Joint_Card,10
TURTLE_GENERAL,Iron_Driver,10000,War_Axe,10000,Pole_Axe,8000,Broken_Shell,10000,Immaterial_Sword,8000,Union_of_Tribe,1200,Old_Purple_Box,5000,Okolnir_Key,10000,Turtle_General_Card,10
VADON,Crystal_Blue,400,Nipper,10000,Garlet,10000,Padded_Armor_,50,Solid_Shell,1000,Rough_Elunium,400,Blue_Gemstone,500,Vadon_Card,10
VAGABOND_WOLF,Western_Grace,2000,Wolf_Claw,10000,Topaz,10000,Star_Dust_Blade,1000,Angel's_Cardigan,10000,Sardonyx,100,Monster_Juice,500,Vagabond_Wolf_Card,10
VENATU_1,Rusty_Screw,10000,Crest_Piece_1,3500,Steel,3000,Fragment,3000,Drifter,50,Elunium,100,,0,Venatu_Card,10
VENATU_2,Rusty_Screw,10000,Crest_Piece_2,5000,Steel,3000,Fragment,3000,Armor_Charm,100,Elunium,100,,0,Venatu_Card,10
VENATU_3,Rusty_Screw,10000,Crest_Piece_3,4000,Steel,3000,Fragment,3000,Armor_Charm,100,Elunium,100,,0,Venatu_Card,10
VENATU_4,Rusty_Screw,10000,Crest_Piece_4,3000,Steel,3000,Fragment,3000,Armor_Charm,100,Elunium,100,,0,Venatu_Card,10
VERIT,Immortal_Heart,10000,Zargon,7000,Rotten_Bandage,10000,White_Herb,6000,Skull_Ring,10,Flower_Ring,2000,Armlet_of_Obedience,200,Verit_Card,10
VITATA,Green_Live,900,Insect_Peeling,10000,Scell,2000,Honey,3500,Honey,3500,Royal_Jelly,2000,Rough_Oridecon,260,Vitata_Card,10
VOCAL,Romantic_Gent,500,Grasshopper's_Leg,10000,Emerald,10000,Rocker_Doll,10000,Angel's_Reincarnation,10000,Concentration_Potion,7000,Gentle_Breeze_Guitar,100,Vocal_Card,10
WANDER_MAN,Skull,10000,Old_Card_Album,10,Hakujin_,50,Romantic_Leaf,50,Yggdrasil_Leaf,6500,Oridecon,2170,Muramasa,50,Wanderer_Card,10
WHISPER,Star_Dust,1500,Fabric,10000,Halo,10,Silver_Robe_,100,,0,,0,,0,Whisper_Card,10
WHISPER_,Star_Dust,100,Fabric,1000,,0,Silver_Robe_,10,,0,,0,,0,Whisper_Card,10
WHISPER_BOSS,Star_Dust,1500,Fabric,10000,Halo,10,Silver_Robe_,100,,0,,0,,0,Giant_Whisper_Card,10
WHITE_PLANT,White_Herb,10000,Flower,10000,Deadly_Noxious_Herb,200,Stem,10000,Pointed_Scale,10000,Aloe_Leaflet,500,Hinalle,500,Romantic_Flower,20
WILD_ROSE,Cyfar,10000,Witherless_Rose,500,Nut_Shell,1200,Shadow_Arrow#1-10,10000,Rotten_Fish,350,Monster's_Feed,6000,Big_Ribbon,20,Wild_Rose_Card,10
WILOW,Tree_Root,10000,Trunk,1000,Resin,10000,Potato,7000,Barren_Trunk,10000,Solid_Trunk,10000,Fine-Grained_Trunk,10000,Willow_Card,10
ELDER_WILLOW,Red_Blood,500,Resin,10000,Trunk,3500,Rough_Elunium,400,Wooden_Mail_,300,,0,Dead_Branch,1000,Elder_Willow_Card,10
WIND_GHOST,Zargon,10000,Skel-Bone,10000,Skull,5000,,0,Arc_Wand_,80,Rough_Wind,1000,Evil_Bone_Wand,10,Wind_Ghost_Card,10
WOLF,Emveretarcon,200,Wolf_Claw,10000,Mantle_,100,Meat,6500,Monster's_Feed,10000,Animal_Skin,10000,Strawberry,6000,Wolf_Card,10
WORM_TAIL,Green_Live,600,Emveretarcon,250,Pointed_Scale,10000,Pike_,300,Yellow_Herb,700,Emerald,50,,0,Wormtail_Card,10
WRAITH,Fabric,10000,Wedding_Veil,100,Manteau_,20,Red_Gemstone,6500,Butterfly_Wing,10000,Manteau,100,2_Carat_Diamond,50,Wraith_Card,10
WRAITH_DEAD,Fabric,10000,Wedding_Veil,100,Manteau_,80,Red_Gemstone,7000,3_Carat_Diamond,50,Old_Blue_Box,1000,Lemon,3000,Wraith_Dead_Card,10
YELLOW_PLANT,Yellow_Herb,10000,Flower,10000,Shoot,10000,Stem,5000,Pointed_Scale,3000,Singing_Plant,50,Fluff,5000,Romantic_Flower,20
YOYO,Yoyo_Tail,10000,Banana,10000,Yellow_Herb,2000,Cacao,9000,Yoyo_Doll,100,Rough_Oridecon,240,Strawberry,10000,Yoyo_Card,10
ZENORC,Zenorc's_Fang,10000,Rough_Oridecon,700,Sticky_Mucus,10000,Old_Magicbook,50,Yellow_Herb,1000,Shining_Stone,200,,0,Zenorc_Card,10
ZEROM,Emveretarcon,550,Iron,1900,Pantie,2000,Gangster_Mask,30,Shackles,100,Iron_Ore,3000,Iron_Ore,3000,Zerom_Card,10
ZHERLTHSH,Executioner's_Mitten,50,White_Herb,10000,Rose_Quartz,10000,Tights_,1200,Earring_,800,Queen's_Whip,1000,Masquerade,30,Zealotus_Card,10
ZOMBIE,Decayed_Nail,10000,Cursed_Ruby,50,Sticky_Mucus,10000,Horrendous_Mouth,500,Opal,700,,0,,0,Zombie_Card,10
ZOMBIE_PRISONER,Worn_Out_Prison_Uniform,10000,Spoon_Stub,1050,Iron_Cain,10,Red_Gemstone,6000,Rotten_Bandage,10000,Shackles,390,Elunium,1120,Zombie_Prisoner_Card,10
WERE_WOLF,Gelerdria,800,Wolf_Claw#1-6,10000,Topaz,8000,Emerald,1000,Ruby,8000,Sardonyx,100,Monster_Juice,500,Sombrero,100
RAPTICE,Tulip_Hairpin,100,Rough_Elunium,900,Reptile_Tongue,10000,Emerald,150,Yellow_Gemstone,2000,Red_Herb,8000,Zargon,1200,Beanie,10
STITCH,Rat_Tail,10000,Animal_Skin,10000,Monster's_Feed,10000,Claw_of_Rat,5000,Glass_Bead,500,Party_Hat,10,Blue_Herb,700,Rough_Oridecon,950,Tarou_Card,10
SOLDIER_ANDRE,Ant_Jaw,10000,Scell,8000,Green_Live,1000,Rough_Elunium,100,Rapier_,150,Star_Dust,300,Solid_Shell,1500,X_Hairpin,100,Soldier_Andre_Card,10
SOLDIER_PIERE,Ant_Jaw,10000,Scell,8000,Red_Blood,1400,Rough_Elunium,120,Scimiter_,150,Star_Dust,350,Solid_Shell,2000,Heart_Hairpin,100,Soldier_Andre_Card,10
SOLDIER_DENIRO,Ant_Jaw,10000,Scell,10000,Wind_of_Verdure,1200,Rough_Elunium,150,Rapier_,200,Star_Dust,500,Solid_Shell,2700,Crescent_Hairpin,100,Soldier_Andre_Card,10
ANDRE_LARVA,Insect_Peeling,10000,Garlet,4000,Sticky_Mucus,2000,Green_Live,300,Giant_Band_Aid,100,Iron_Ore,1500,Rough_Elunium,280,Andre_Larva_Card,10
PIERE_LARVA,Insect_Peeling,10000,Garlet,8000,Sticky_Mucus,4000,Wind_of_Verdure,400,Striped_Hairband,100,Iron_Ore,2000,Rough_Elunium,310,Andre_Larva_Card,10
DENIRO_LARVA,Insect_Peeling,10000,Garlet,10000,Sticky_Mucus,6000,Red_Blood,500,Blue_Hairband,100,Iron_Ore,2500,Rough_Elunium,340,Andre_Larva_Card,10
ANT_EGG2,Phracon,3200,Shell,10000,Jellopy,10000,Sticky_Mucus,6500,Empty_Bottle,10000,Iron_Ore,2000,Garnet,700,Mature_Ant_Egg_Card,10
FUNGUS,Poison_Spore,10000,Mould_Powder,5000,Green_Herb,5500,Blue_Herb,1200,Alcohol,500,Karvodailnirol,200,Mushroom_Spore,10000,Zargon,50,Spore_Hat,50,Poison_Spore_Card,10
DEATHSPORE,Cyfar,10000,Toxic_Gas,10000,Oridecon,1200,Headset,2000,Guard_,4000,Karvodailnirol,10000,Detrimindexta,10000,Spore_Card,10,Poison_Spore_Card,10
