Id,Code,Name,Level,HP,Str,Int,Vit,Dex,Agi,Luk,AtkMin,AtkMax,Range,Def,MDef,Exp,JExp,ScanDist,ChaseDist,Size,Race,Element,RechargeTime,HitTime,AttackTime,MoveSpeed,Special,MonsterAi,SpriteAttackTiming,ClientSprite,ClientOffset,ClientShadow,ClientSize,Color,Tags,Feature
3999,EFFECT,Effect,1,64,1,1,1,6,1,1,6,7,1,0,0,30,10,10,12,Medium,Plant,Water1,1872,480,672,400,Normal,AiPassive,288,poring.spr,0,0.5,1,#FFFFFFFF,,
4000,PORING,Poring,1,51,1,1,1,6,1,1,6,7,1,0,0,30,10,10,12,Medium,Plant,Water1,1872,480,672,400,Normal,AiLooter,288,poring.spr,0,0.5,1,#FFFFFFFF,,
4001,FABRE,Fabre,2,54,1,1,1,7,1,1,9,10,1,0,0,30,20,10,12,Small,Insect,Earth1,1672,480,672,400,Normal,AiPassive,192,fabre.spr,0,0.5,1,#FFFFFFFF,,
4002,LUNATIC,Lunatic,3,79,3,2,3,8,2,1,9,12,1,1,1,50,30,10,12,Small,Beast,Neutral3,1456,336,456,200,Normal,AiPassive,264,lunatic.spr,0,0.5,1,#FFFFFFFF,,
4003,PUPA,Pupa,6,214,2,7,10,6,1,1,1,1,0,12,11,140,160,10,12,Small,Insect,Earth1,1001,1,1,-1,Normal,AiPlant,768,pupa.spr,0,-1,1,#FFFFFFFF,,
4004,CREAMY,Creamy,16,498,10,4,5,24,11,5,46,57,1,3,4,830,680,10,12,Small,Insect,Wind1,1136,840,720,150,Normal,AiPassive,432,creamy.spr,0,0.5,1,#FFFFFFFF,Flying,
4005,ROCKER,Rocker,9,180,6,6,6,15,7,3,20,25,1,4,3,210,180,10,12,Medium,Insect,Earth1,1864,540,864,200,Normal,AiPassive,576,rocker.spr,0,0.5,1,#FFFFFFFF,,
4006,POPORING,Poporing,14,426,8,12,13,16,7,6,30,37,1,5,5,600,420,10,12,Medium,Plant,Poison1,1672,480,672,300,Normal,AiLooter,288,poporing.spr,0,0.5,1,#FFFFFFFF,,
4007,THIEF_BUG,Thief Bug,8,152,5,5,5,14,6,3,18,22,1,3,2,170,110,10,12,Small,Insect,Neutral3,1288,768,288,150,Normal,AiLooterAssist,480,thief_bug.spr,0,0.5,1,#FFFFFFFF,,
4008,THIEF_BUG_EGG,Thief Bug Egg,4,143,1,5,6,6,1,1,1,1,0,8,7,90,60,10,12,Small,Insect,Dark1,701,1,1,-1,Normal,AiPlant,288,thief_bug_egg.spr,0,-1,1,#FFFFFFFF,,
4009,HORNET,Hornet,8,148,5,6,5,14,7,3,18,22,1,3,2,170,150,10,12,Small,Insect,Wind1,1292,216,792,150,Normal,AiAssist,576,hornet.spr,0,0.5,1,#FFFFFFFF,Flying,
4010,GREEN_PLANT,Green Plant,1,10,1,1,1,6,1,1,1,1,1,200,200,0,0,7,12,Small,Plant,Earth1,1,1,1,-1,Normal,AiPlant,166,green_plant.spr,0,-1,1,#FFFFFFFF,,
4011,BLACK_MUSHROOM,Black Mushroom,1,10,1,1,1,6,1,1,1,1,1,200,200,0,0,7,12,Small,Plant,Earth1,1,1,1,-1,Normal,AiPlant,0,black_mushroom.spr,0,-1,1,#FFFFFFFF,Fungus,
4012,DROPS,Drops,3,66,2,3,3,7,1,1,8,9,1,1,1,40,20,10,12,Medium,Plant,Fire1,1372,480,672,400,Normal,AiLooter,288,drops.spr,0,0.5,1,#FFFFFFFF,,
4013,BLUE_PLANT,Blue Plant,1,10,1,1,1,6,1,1,1,1,1,200,200,0,0,7,12,Small,Plant,Earth1,1,1,1,-1,Normal,AiPlant,166,blue_plant.spr,0,-1,1,#FFFFFFFF,,
4014,FARMILIAR,Familiar,8,197,7,7,3,13,5,1,18,22,1,2,2,190,110,10,12,Small,Beast,Dark1,1276,384,576,150,Normal,AiAggressive,360,farmiliar.spr,0,0.5,1,#FFFFFFFF,Flying,
4015,TAROU,Tarou,13,420,11,11,11,17,8,6,31,38,1,5,4,590,310,10,12,Small,Beast,Dark1,1744,684,1044,150,Normal,AiPassiveSense,252,tarou.spr,0,0.5,1,#FFFFFFFF,,
4016,VOCAL,Vocal,19,3207,18,18,17,33,16,9,53,64,1,9,7,5960,4730,10,12,Medium,Insect,Earth1,1080,480,648,200,Normal,AiStandardBoss,576,rocker.spr,0,0.5,1.5,#FFFFFFFF,,
4017,SHINING_PLANT,Shining Plant,1,15,1,1,1,6,1,1,1,1,1,200,200,0,0,7,12,Small,Plant,Holy1,1,1,1,-1,Normal,AiPlant,182,shining_plant.spr,0,-1,1,#FFFFFFFF,,
4018,MANDRAGORA,Mandragora,18,699,10,14,17,20,5,8,36,44,5,8,6,1030,610,10,12,Medium,Plant,Earth3,1768,576,768,-1,Normal,AiAggressiveImmobile,384,mandragora.spr,0,-1,1,#FFFFFFFF,,
4019,ECLIPSE,Eclipse,20,4549,23,23,21,30,13,14,54,67,1,8,8,8180,5600,10,12,Medium,Beast,Neutral3,1456,336,456,200,Boss,AiStandardBoss,264,eclipse.spr,0,0.5,1,#FFFFFFFF,,
4020,YOYO,Yoyo,25,1419,27,9,20,26,16,9,84,103,1,7,6,3930,2360,10,12,Small,Beast,Earth1,1054,384,54,200,Normal,AiLooterAssist,360,yoyo.spr,0,0.5,1,#FFFFFFFF,,
4021,SMOKIE,Smokie,21,1024,22,11,20,22,12,7,63,78,1,6,5,2360,1550,10,12,Small,Beast,Earth1,1576,420,576,200,Normal,AiPassiveSense,432,smokie.spr,0,0.5,1,#FFFFFFFF,,
4022,CHOCO,Choco,43,4050,50,25,52,52,31,16,270,331,1,8,7,19750,11920,10,12,Small,Beast,Fire1,1500,1000,500,200,Normal,AiAggressiveSense,360,choco.spr,0,0.5,1,#FFFFFFFF,,
4023,SAVAGE_BABE,Savage Babe,12,371,10,9,10,16,7,5,27,34,1,5,4,420,350,10,12,Small,Beast,Earth1,1624,576,624,400,Normal,AiPassive,312,savage_babe.spr,0,0.25,1,#FFFFFFFF,,
4024,DESERT_WOLF_B,Baby Desert Wolf,11,319,11,6,10,14,6,4,27,34,1,3,3,340,260,10,12,Small,Beast,Fire1,1600,240,900,300,Normal,AiAssist,252,desert_wolf_b.spr,0,0.35,1,#FFFFFFFF,,
4025,PECOPECO_EGG,Peco Peco Egg,10,499,4,13,16,6,3,1,1,2,0,16,15,320,280,10,12,Small,Formless,Neutral3,1001,1,1,-1,Normal,AiPlant,672,peco_egg.spr,0,-1,1,#FFFFFFFF,,
4026,PECOPECO,Peco Peco,19,795,16,21,15,23,12,9,49,60,1,0,0,1490,1080,10,12,Large,Beast,Fire1,1564,576,864,200,Normal,AiAssist,480,pecopeco.spr,0,0.5,1,#FFFFFFFF,,
4027,CONDOR,Condor,8,155,3,1,6,14,6,4,17,20,1,0,0,150,120,10,12,Medium,Beast,Wind1,1148,480,648,150,Normal,AiAssist,360,condor.spr,0,0.5,1,#FFFFFFFF,Flying,
4028,PICKY,Picky,4,90,4,4,3,9,3,2,10,13,1,1,1,60,40,10,12,Small,Beast,Fire1,988,168,288,200,Normal,AiPassive,144,picky.spr,0,0.25,1,#FFFFFFFF,,
4029,PICKY_,Eggshell Picky,6,133,5,5,7,10,3,3,13,16,1,4,3,140,100,10,12,Small,Beast,Fire1,988,168,288,200,Normal,AiPassive,96,picky_.spr,0,0.25,1,#FFFFFFFF,,
4030,RED_MUSHROOM,Red Mushroom,1,10,1,1,1,6,1,1,1,1,1,200,200,0,0,7,12,Small,Plant,Earth1,1,1,1,-1,Normal,AiPlant,0,red_mushroom.spr,0,-1,1,#FFFFFFFF,Fungus,
4031,GOBLIN_1,Dagger Goblin,25,1070,20,21,20,31,32,8,77,94,1,9,5,4050,2630,10,12,Medium,Demihuman,Wind1,1120,240,620,100,Normal,AiStandardBoss,384,goblin_1.spr,0,0.5,1,#FFFFFFFF,Goblin,
4032,GOBLIN_2,Flail Goblin,24,1104,20,20,19,51,15,8,59,88,1,8,5,3700,2280,10,12,Medium,Demihuman,Fire1,1320,240,620,150,Normal,AiAggressiveSense,384,goblin_2.spr,0,0.5,1,#FFFFFFFF,Goblin,
4033,GOBLIN_3,Axe Goblin,24,1126,20,20,20,21,16,8,116,157,1,9,5,3730,2420,10,12,Medium,Demihuman,Poison1,1624,240,624,250,Normal,AiAggressiveAssist,384,goblin_3.spr,0,0.5,1,#FFFFFFFF,Goblin,
4034,GOBLIN_4,Hammer Goblin,23,1297,19,18,38,30,15,7,54,66,1,9,4,3210,2050,10,12,Medium,Demihuman,Earth1,1624,240,624,200,Normal,AiAggressiveAssist,384,goblin_4.spr,0,0.5,1,#FFFFFFFF,Goblin,
4035,GOBLIN_5,Mace Goblin,22,1953,21,22,22,29,16,7,68,83,1,8,4,3230,1990,10,12,Medium,Demihuman,Water1,3074,480,1874,300,Normal,AiAggressiveAssist,384,goblin_5.spr,0,0.5,1,#FFFFFFFF,Goblin,
4036,GOBLIN_ARCHER,Goblin Archer,32,1731,24,26,26,58,15,10,93,114,9,0,0,5290,3610,10,12,Small,Demihuman,Poison1,1172,420,672,200,Normal,AiAggressive,528,goblin_archer.spr,0,0.5,1,#FFFFFFFF,Goblin,
4037,PANZER_GOBLIN,Panzer Goblin,38,14778,42,27,37,68,37,131,274,335,1,22,19,47920,32750,10,12,Medium,Demihuman,Wind2,960,840,1008,200,Normal,AiStandardBoss,324,panzer_goblin.spr,0,0.5,1,#FFFFFFFF,"Goblin,Flying",
4038,STEAM_GOBLIN,Steamrider Goblin,35,2520,28,18,28,50,32,24,181,222,1,14,12,10920,6860,10,12,Medium,Demihuman,Wind2,1008,528,1008,200,Normal,AiPassiveSense,324,steam_goblin.spr,0,0.5,1,#FFFFFFFF,"Goblin,Flying",
4039,ROTAR_ZAIRO,Rotor Gyro,30,1640,23,26,31,45,22,10,93,114,10,7,14,6510,4820,10,12,Large,Formless,Wind2,2416,432,2016,155,Normal,AiAggressive,1008,rotar_zairo.spr,0,0.5,1,#FFFFFFFF,"Goblin,Flying",
4040,GOBLIN_LEADER,Goblin Leader,41,17270,45,38,40,58,30,19,342,419,1,35,17,67670,46220,10,12,Medium,Demihuman,Wind1,1120,240,620,120,Normal,AiStandardBoss,603,goblin_leader.spr,0,0.5,1,#FFFFFFFF,Goblin,
4041,YELLOW_PLANT,Yellow Plant,1,10,1,1,1,6,1,1,1,1,1,200,200,0,0,7,12,Small,Plant,Earth1,1,1,1,-1,Normal,AiPlant,166,yellow_plant.spr,0,-1,1,#FFFFFFFF,,
4042,SAVAGE,Savage,30,2684,33,16,46,27,18,11,119,162,1,10,6,8230,4920,10,12,Large,Beast,Earth2,1960,384,960,150,Normal,AiPassiveSense,192,savage.spr,0,0.5,1,#FFFFFFFF,,
4043,WILOW,Willow,6,156,3,6,2,9,1,2,13,16,1,3,3,110,70,10,12,Medium,Plant,Earth1,1672,432,672,200,Normal,AiPassive,288,wilow.spr,0,0.5,1,#FFFFFFFF,,
4044,SPORE,Spore,16,548,8,6,14,16,7,9,32,48,1,0,5,840,610,10,12,Medium,Plant,Water1,1872,288,672,200,Normal,AiPassive,528,spore.spr,0,0.5,1,#FFFFFFFF,Fungus,
4045,SNAKE,Snake,15,542,13,12,13,20,9,7,41,50,1,6,5,810,530,10,12,Medium,Beast,Earth1,1576,576,576,200,Normal,AiPassive,288,snake.spr,0,-1,1,#FFFFFFFF,,
4046,WOLF,Wolf,25,1419,27,14,25,26,16,9,84,103,1,6,5,4130,2360,10,12,Medium,Beast,Earth1,1054,432,504,200,Normal,AiAssist,216,wolf.spr,0,0.5,1,#FFFFFFFF,,
4047,MARIN,Marin,22,1244,12,19,21,21,10,11,54,66,1,9,9,2470,1770,10,12,Medium,Plant,Water2,1872,480,672,400,Normal,AiLooter,288,marin.spr,0,0.5,1,#FFFFFFFF,,
4048,GHOSTRING,Ghostring,33,19010,20,67,16,57,26,13,141,192,1,0,22,28650,23510,10,12,Medium,Demon,Ghost4,1220,648,1080,300,Boss,AiStandardBoss,336,ghostring.spr,0,0.5,1,#FFFFFFFF,Flying,
4049,MASTERING,Mastering,16,3438,12,1,3,20,8,11,39,52,1,0,9,3050,2060,10,12,Medium,Plant,Water1,1072,480,672,300,Boss,AiStandardBoss,288,mastering.spr,0,0.75,1,#FFFFFFFF,,
4050,ANGELING,Angeling,35,29423,40,104,21,56,26,34,213,288,1,0,45,43100,31450,10,12,Medium,Angel,Holy4,1072,672,672,200,Boss,AiStandardBoss,312,angeling.spr,0,0.5,1,#FFFFFFFF,,
4051,DEVILING,Deviling,46,41834,59,77,21,63,30,30,348,471,1,5,50,93170,58910,10,12,Medium,Demon,Dark4,1072,384,1056,200,Boss,AiStandardBoss,672,deviling.spr,0,0.5,1,#FFFFFFFF,,
4052,DRAGON_TAIL,Dragon Tail,61,8126,42,8,13,73,56,21,557,680,1,23,10,63280,41030,10,12,Medium,Insect,Wind2,862,312,534,175,Normal,AiStandardBoss,360,dragon_tail.spr,0,0.5,1,#FFFFFFFF,Flying,
4053,POISON_SPORE,Poison Spore,23,1175,13,1,17,25,13,1,81,100,1,0,0,2420,1220,10,12,Medium,Plant,Poison1,1672,288,672,200,Normal,AiAggressive,528,poison_spore.spr,0,0.5,1,#FFFFFFFF,Fungus,
4054,WORM_TAIL,Worm Tail,14,542,8,11,13,19,6,6,33,40,2,6,5,670,400,10,12,Medium,Plant,Earth1,1048,192,48,200,Normal,AiPassiveSense,288,worm_tail.spr,0,0.5,1,#FFFFFFFF,,
4055,ELDER_WILLOW,Elder Willow,20,963,11,31,13,22,10,10,52,63,1,6,11,2270,1610,10,12,Medium,Plant,Fire2,1372,432,672,200,Normal,AiAggressiveSense,288,elder_wilow.spr,0,0.5,1,#FFFFFFFF,,
4056,EGGYRA,Eggyra,26,746,11,34,10,36,21,7,94,115,1,4,12,4110,3040,10,12,Medium,Formless,Ghost2,1816,288,816,200,Normal,AiPassiveSense,480,eggyra.spr,0,0.5,1,#FFFFFFFF,,
4057,BIGFOOT,Bigfoot,25,1852,30,13,45,23,12,6,150,177,1,10,1,6080,2830,10,12,Large,Beast,Earth1,1260,192,192,300,Normal,AiPassiveSense,840,bigfoot.spr,0,0.5,1,#FFFFFFFF,,
4058,SOHEE,Sohee,44,5223,38,31,34,50,28,10,219,268,1,0,11,19190,11800,10,12,Medium,Demon,Water1,2112,576,912,250,Normal,AiPassiveSense,324,sohee.spr,0,0.5,1,#FFFFFFFF,Flying,
4059,WANDER_MAN,Wanderer,74,14692,39,43,24,115,105,36,640,961,2,5,8,158700,107640,10,12,Medium,Demon,Wind1,672,192,500,100,Normal,AiStandardBoss,336,wander_man.spr,0,0.5,1,#FFFFFFFF,,
4060,GREATEST_GENERAL,Greatest General,47,4381,38,62,34,66,14,114,270,331,3,15,14,20130,12570,10,12,Medium,Formless,Fire2,1152,384,1152,-1,Normal,AiAggressiveImmobile,816,greatest_general.spr,0,-1,1,#FFFFFFFF,,
4061,HORONG,Horong,45,1886,37,1,2,47,27,1,266,325,1,100,50,19020,13370,10,12,Small,Formless,Fire4,1888,828,1152,400,Normal,AiAggressiveAssist,552,horong.spr,0,0.5,1,#FFFFFFFF,Flying,
4062,NINE_TAIL,Nine Tail,51,7873,58,3,45,53,31,21,439,536,1,12,16,43980,32670,10,12,Medium,Beast,Fire3,840,480,540,150,Normal,AiStandardBoss,360,nine_tail.spr,0,0.5,1,#FFFFFFFF,,
4063,EDDGA,Eddga,65,126890,79,64,78,87,45,62,855,1156,1,27,27,821660,566310,10,12,Large,Beast,Fire1,872,432,1344,300,Boss,AiStandardBoss,408,eddga.spr,0,0.5,1,#FFFFFFFF,,
4064,THIEF_BUG_,Female Thief Bug,14,363,9,5,10,21,11,5,35,42,1,5,4,590,480,10,12,Medium,Insect,Dark1,988,768,288,200,Normal,AiLooterAssist,480,thief_bug_female.spr,0,0.5,1,#FFFFFFFF,,
4065,THIEF_BUG__,Male Thief Bug,23,1167,16,7,17,33,18,8,81,100,1,8,6,3400,2080,10,12,Medium,Insect,Dark1,988,768,288,300,Normal,AiAggressiveAssist,504,thief_bug_male.spr,0,0.5,1,#FFFFFFFF,,
4066,GOLDEN_BUG,Golden Thief Bug,42,65483,40,43,53,74,46,108,334,451,1,35,24,319860,239330,10,12,Large,Insect,Fire2,768,480,768,100,Boss,AiLooterAssist,720,golden_bug.spr,0,0.5,1,#FFFFFFFF,,
4067,VAGABOND_WOLF,Vagabond Wolf,38,15381,43,42,39,50,24,25,215,262,1,17,14,40810,27140,10,12,Medium,Beast,Earth1,1048,432,648,150,Boss,AiStandardBoss,216,vagabond_wolf.spr,0,0.5,1,#FFFFFFFF,,
4068,SCORPION,Scorpion,24,939,16,8,16,38,19,8,84,113,1,12,3,3420,2590,4,12,Small,Insect,Fire1,1564,576,864,200,Normal,AiAggressiveSense,384,scorpion.spr,0,0.5,1,#FFFFFFFF,,
4069,METALLER,Metaller,32,1623,20,22,20,40,25,27,125,152,1,13,18,7880,5990,10,12,Medium,Insect,Fire1,1708,540,1008,200,Normal,AiLooterAssist,432,metaller.spr,0,0.5,1,#FFFFFFFF,,
4070,MAGNOLIA,Magnolia,30,2222,26,1,16,34,18,18,115,140,1,7,16,7460,4770,10,12,Small,Demon,Water1,1560,360,360,250,Normal,AiLooter,192,magnolia.spr,0,0.5,1,#FFFFFFFF,,
4071,ANDRE,Andre,17,569,11,13,16,23,13,5,64,79,1,6,2,1080,880,10,12,Small,Insect,Earth1,1288,384,288,300,Normal,AiLooterAssist,180,andre.spr,0,0.5,1,#FFFFFFFF,Ant,
4072,DENIRO,Deniro,19,696,12,15,24,33,15,6,54,66,1,10,2,1630,1300,10,12,Small,Insect,Earth1,1288,576,288,150,Normal,AiLooterAssist,144,deniro.spr,0,0.5,1,#FFFFFFFF,Ant,
4073,PIERE,Piere,21,837,13,16,20,27,16,7,80,97,1,11,2,2250,1790,10,12,Small,Insect,Earth1,1288,576,288,200,Normal,AiLooterAssist,144,piere.spr,0,0.5,1,#FFFFFFFF,Ant,
4074,VITATA,Vitata,26,1188,11,49,21,32,12,26,49,60,1,10,10,4770,3570,10,12,Small,Insect,Earth1,1768,384,768,300,Normal,AiPassiveSense,576,vitata.spr,0,0.5,1,#FFFFFFFF,Ant,
4075,GIEARTH,Giearth,36,2770,29,42,29,47,23,50,149,182,1,12,37,10870,7180,10,12,Small,Demon,Earth1,1848,432,1296,200,Normal,AiPassiveSense,480,giearth.spr,0,0.5,1,#FFFFFFFF,,
4076,MAYA,Maya,56,107095,56,89,46,80,56,35,554,797,1,47,19,478980,359670,10,12,Large,Insect,Earth4,364,480,1000,100,Boss,AiStandardBoss,624,maya.spr,0,0.5,1,#FFFFFFFF,Ant,
4077,MAYA_PUPLE,Maya Puple,42,20291,39,63,33,59,41,25,310,419,2,36,15,70840,51700,10,12,Large,Insect,Earth4,1024,480,1000,100,Boss,AiStandardBoss,624,maya_puple.spr,0,1,0.8,#FFFFFFFF,Ant,
4078,GOLEM,Golem,35,4243,34,1,30,34,13,1,152,185,1,28,0,10170,5450,10,12,Large,Formless,Neutral3,1608,396,816,300,Normal,AiPassiveSense,576,golem.spr,0,1,1,#FFFFFFFF,Golem,
4079,MUKA,Muka,17,763,9,13,15,17,8,8,39,48,1,7,6,1200,740,10,12,Large,Plant,Earth1,1960,384,960,300,Normal,AiPassive,480,muka.spr,0,0.5,1,#FFFFFFFF,,
4080,ANT_EGG,Ant Egg,12,742,5,15,18,6,3,1,2,3,0,20,19,490,420,10,12,Small,Formless,Neutral3,1001,1,1,1000,Normal,AiPlant,672,ant_egg.spr,0,-1,1,#FFFFFFFF,Ant,
4081,ANACONDAQ,Anacondaq,25,1352,21,21,21,29,15,12,93,114,1,0,0,3280,2290,10,12,Medium,Beast,Poison1,1576,576,576,200,Normal,AiPassiveSense,288,anacondaq.spr,0,-1,1,#FFFFFFFF,,
4082,FRILLDORA,Frilldora,40,3265,33,33,31,42,24,19,186,227,1,13,13,15020,10670,10,12,Medium,Beast,Fire1,1540,432,720,300,Normal,AiAngry,324,frilldora.spr,0,0.5,1,#FFFFFFFF,,
4083,DESERT_WOLF,Desert Wolf,47,4472,38,19,43,57,34,13,291,356,1,0,9,18450,13740,10,12,Medium,Beast,Fire1,1120,288,420,200,Normal,AiAggressiveAssist,180,desert_wolf.spr,0,0.5,1,#FFFFFFFF,,
4084,SIDE_WINDER,Sidewinder,45,4611,37,37,37,60,30,21,244,331,1,8,12,22580,11210,10,12,Medium,Beast,Poison1,1576,576,576,200,Normal,AiAggressiveSense,288,side_winder.spr,0,-1,1,#FFFFFFFF,,
4085,HODE,Hode,32,2250,1,4,35,39,18,32,137,154,1,0,12,7590,4960,10,12,Medium,Beast,Earth2,1480,720,480,200,Normal,AiPassive,288,hode.spr,0,-1,1,#FFFFFFFF,,
4086,PHREEONI,Phreeoni,69,148593,67,67,72,91,48,50,737,1106,1,15,21,938600,678870,10,12,Large,Beast,Neutral3,1020,288,1020,200,Boss,AiStandardBoss,324,phreeoni.spr,0,0.5,1,#FFFFFFFF,,
4087,SAND_MAN,Sandman,38,3136,31,29,48,48,26,3,157,174,1,10,21,12580,8260,10,12,Medium,Formless,Earth3,1672,288,720,250,Normal,AiAngry,432,sand_man.spr,0,-1,1,#FFFFFFFF,,
4088,STEEL_CHONCHON,Steel Chonchon,26,1106,16,9,22,33,27,9,85,104,1,9,8,4020,3150,10,12,Small,Insect,Wind1,1076,480,576,150,Normal,AiLooterAssist,288,steel_chocho.spr,0,0.25,1,#FFFFFFFF,Flying,
4089,DRAGON_FLY,Dragon Fly,22,5311,19,21,18,36,26,10,112,137,1,16,8,10230,8380,10,12,Small,Insect,Wind1,1076,480,576,100,Boss,AiStandardBoss,288,dragon_fly.spr,0,0.25,1,#FFFFFFFF,Flying,
4090,HUNTER_FLY,Hunter Fly,42,4140,29,16,30,67,89,31,239,324,1,15,14,21130,15870,10,12,Small,Insect,Wind2,676,480,576,150,Normal,AiAngry,288,hunter_fly.spr,0,0.25,1,#FFFFFFFF,Flying,
4091,CHONCHON,Chonchon,5,59,3,1,5,11,5,2,16,19,1,1,1,90,60,10,12,Small,Insect,Wind1,1076,480,576,200,Normal,AiPassive,288,chocho.spr,0,0.25,1,#FFFFFFFF,Flying,
4092,CARAMEL,Caramel,23,1179,19,18,19,26,13,11,81,100,1,8,7,3050,2140,10,12,Small,Beast,Earth1,1604,756,840,200,Normal,AiPassiveSense,216,caramel.spr,0,0.5,1,#FFFFFFFF,,
4093,HORN,Horn,20,695,13,14,14,31,16,7,57,70,1,8,5,1930,1590,10,12,Medium,Insect,Earth1,1528,288,528,200,Normal,AiPassiveSense,336,horn.spr,0,0.5,1,#FFFFFFFF,,
4094,STAINER,Stainer,18,559,11,13,12,25,16,6,49,60,1,8,0,1260,960,10,12,Small,Insect,Wind1,1688,612,1188,200,Normal,AiPassiveSense,720,stainer.spr,0,0.5,1,#FFFFFFFF,,
4095,PETIT,Earth Petit,44,6050,43,47,52,69,28,41,313,382,1,27,18,30220,16870,10,12,Medium,Dragon,Earth1,1624,384,620,200,Normal,AiAggressiveSense,336,petit.spr,0,0.5,1,#FFFFFFFF,,
4096,PETIT_,Sky Petit,45,5210,43,51,39,59,55,66,271,332,1,16,31,29600,17650,10,12,Medium,Dragon,Wind1,1420,528,1080,150,Normal,AiAggressiveSense,336,petit_.spr,0,0.5,1,#FFFFFFFF,Flying,
4097,FLORA,Flora,36,2811,20,31,36,30,17,16,219,268,3,11,19,8240,6170,10,12,Large,Plant,Earth1,1432,576,432,-1,Normal,AiAggressiveImmobile,180,flora.spr,0,-1,1,#FFFFFFFF,,
4098,MANTIS,Mantis,36,2542,23,7,24,44,28,12,153,187,1,11,0,7880,6140,10,12,Medium,Insect,Earth1,1528,432,660,200,Normal,AiAggressiveSense,336,mantis.spr,0,0.5,1,#FFFFFFFF,,
4099,ARGOS,Argos,32,1666,20,5,22,40,23,10,146,179,1,11,0,7510,4150,10,12,Large,Insect,Poison1,1468,768,468,300,Normal,AiAggressiveSense,216,argos.spr,0,0.5,1,#FFFFFFFF,,
4100,ARGIOPE,Argiope,46,4376,32,11,34,60,29,31,351,430,1,23,0,22170,15310,10,12,Large,Insect,Poison1,1792,336,792,300,Normal,AiStandardBoss,576,argiope.spr,0,-1,1,#FFFFFFFF,,
4101,MISTRESS,Mistress,74,124567,69,86,59,111,77,52,773,1046,1,35,37,1334540,1073910,10,12,Small,Insect,Wind4,1148,300,648,100,Boss,AiStandardBoss,288,mistress.spr,0,0.5,1,#FFFFFFFF,Flying,
4102,AMBERNITE,Ambernite,22,829,14,15,7,24,14,7,58,71,1,30,0,2470,1890,10,12,Large,Insect,Water1,2048,648,648,400,Normal,AiPassiveSense,312,ambernite.spr,0,0.5,1,#FFFFFFFF,,
4103,STEM_WORM,Stem Worm,45,5583,25,22,24,48,22,22,230,281,2,7,13,17040,11110,10,12,Medium,Plant,Wind1,1500,1000,500,200,Normal,AiAggressiveSense,288,stem_worm.spr,0,0.5,1,#FFFFFFFF,,
4104,DUSTINESS,Dustiness,35,1736,22,1,23,44,36,12,145,178,1,0,10,7520,5950,10,12,Small,Insect,Wind2,1004,384,504,150,Normal,AiPassiveSense,252,dustiness.spr,0,0.5,1,#FFFFFFFF,Flying,
4105,COCO,Coco,20,909,17,16,22,24,12,9,55,68,1,0,0,1780,1280,10,12,Small,Beast,Earth1,1864,1008,864,150,Normal,AiPassiveSense,504,coco.spr,0,0.5,1,#FFFFFFFF,,
4106,RED_PLANT,Red Plant,1,10,1,1,1,6,1,1,1,1,1,200,200,0,0,7,12,Small,Plant,Earth1,1,1,1,-1,Normal,AiPlant,166,red_plant.spr,0,-1,1,#FFFFFFFF,,
4107,RODA_FROG,Roda Frog,12,389,9,5,10,16,7,6,27,33,1,0,4,380,280,10,12,Medium,Aquatic,Water1,2016,288,816,200,Normal,AiPassive,336,roda_frog.spr,0,0.5,1,#FFFFFFFF,,
4108,THARA_FROG,Thara Frog,34,2650,26,14,29,37,21,17,125,152,1,11,11,8560,6010,10,12,Medium,Aquatic,Water2,2016,288,816,200,Normal,AiPassive,336,thara_frog.spr,0,0.5,1,#FFFFFFFF,,
4109,TOAD,Toad,19,4344,21,11,20,28,13,13,42,51,1,0,0,5540,3890,10,12,Medium,Aquatic,Water1,1236,432,336,200,Boss,AiStandardBoss,168,toad.spr,0,0.5,1,#FFFFFFFF,,
4110,WILD_ROSE,Wild Rose,38,2687,30,31,21,43,35,27,180,221,1,2,12,10330,6380,10,12,Small,Beast,Wind1,964,288,864,100,Normal,AiLooter,562,wild_rose.spr,0,0.5,1,#FFFFFFFF,,
4111,KOBOLD_ARCHER,Kobold Archer,33,1969,25,27,17,64,16,22,122,149,9,10,5,6740,5180,10,12,Small,Demihuman,Fire1,1008,384,1008,200,Normal,AiAggressive,504,kobold_archer.spr,0,0.5,1,#FFFFFFFF,Kobold,
4112,KOBOLD_1,Axe Kobold,36,4139,34,29,30,44,50,17,219,268,1,13,12,12220,8650,10,12,Medium,Demihuman,Wind2,1028,360,528,150,Normal,AiAggressiveAssist,240,kobold_1.spr,0,0.5,1,#FFFFFFFF,Kobold,
4113,KOBOLD_2,Hammer Kobold,31,2382,27,23,27,39,18,14,204,249,1,11,10,9620,6560,10,12,Medium,Demihuman,Poison2,1528,360,528,200,Normal,AiAggressiveAssist,240,kobold_2.spr,0,0.5,1,#FFFFFFFF,Kobold,
4114,KOBOLD_3,Mace Kobold,31,2272,27,24,24,68,18,15,161,196,1,10,9,9630,6750,10,12,Medium,Demihuman,Fire2,1228,360,528,300,Normal,AiAggressiveAssist,240,kobold_3.spr,0,0.5,1,#FFFFFFFF,Kobold,
4115,KOBOLD_LEADER,Kobold Leader,65,42296,72,78,64,82,45,45,673,822,1,27,27,301780,205360,10,12,Medium,Demihuman,Wind2,1028,360,528,150,Normal,AiStandardBoss,240,kobolt_leader.spr,0,0.5,1,#FFFFFFFF,Kobold,
4116,ORK_WARRIOR,Orc Warrior,28,1759,36,15,39,28,16,10,99,122,1,8,7,6150,3460,10,12,Medium,Demihuman,Earth1,1864,288,864,200,Normal,AiAngry,576,ork_warrior.spr,0,0.5,1,#FFFFFFFF,Orc,
4117,ORC_LORD,Orc Lord,74,202408,113,81,102,88,46,60,1306,1959,1,40,13,1424220,995900,10,12,Large,Demihuman,Earth4,1248,360,500,100,Boss,AiStandardBoss,624,orc_lord.spr,0,0.5,1,#FFFFFFFF,Orc,
4118,ORC_LADY,Orc Lady,35,2777,45,19,39,39,20,13,150,183,1,10,8,10100,6260,10,12,Medium,Demihuman,Earth2,1050,288,900,200,Normal,AiStandardBoss,540,orc_lady.spr,0,0.5,1,#FFFFFFFF,Orc,
4119,ORC_BABY,Orc Baby,26,1447,27,22,23,32,15,4,149,182,1,10,9,5590,4470,10,12,Small,Demihuman,Earth1,672,288,864,200,Normal,AiAngry,504,orc_baby.spr,0,0.5,1,#FFFFFFFF,Orc,
4120,ORK_HERO,Orc Hero,77,188198,113,107,100,96,50,53,968,1309,1,37,30,1444790,991560,10,12,Large,Demihuman,Earth2,1678,648,780,150,Boss,AiStandardBoss,480,ork_hero.spr,0,0.5,1,#FFFFFFFF,Orc,
4121,ORC_ARCHER,Orc Archer,49,5199,41,37,49,87,23,23,257,314,9,16,13,22490,15870,10,12,Medium,Demihuman,Earth1,1960,480,620,300,Normal,AiAggressiveSense,864,orc_archer.spr,0,0.5,1,#FFFFFFFF,Orc,
4122,HIGH_ORC,High Orc,52,8012,60,32,54,71,32,19,531,650,1,18,14,50980,33510,10,12,Large,Demihuman,Fire2,1500,1000,500,150,Normal,AiStandardBoss,192,high_orc.spr,0,0.5,1,#FFFFFFFF,Orc,
4123,ORC_SKELETON,Orc Skeleton,32,2726,21,1,12,28,13,6,147,180,1,2,3,6290,3920,10,12,Medium,Undead,Undead1,2420,648,720,200,Normal,AiAngry,288,orc_skeleton.spr,0,0.5,1,#FFFFFFFF,Orc,
4124,ORC_ZOMBIE,Orc Zombie,28,2111,17,1,15,24,12,5,99,122,1,5,8,4130,2720,10,12,Medium,Undead,Undead1,2852,840,1152,400,Normal,AiAngry,768,orc_zombie.spr,0,0.5,1,#FFFFFFFF,Orc,
4125,ZENORC,Zenorc,35,2535,22,1,12,55,62,4,124,151,1,0,14,10000,5880,10,12,Medium,Demihuman,Dark1,1180,360,480,150,Normal,AiLooter,288,zenorc.spr,0,0.5,1,#FFFFFFFF,Orc,
4126,DRAINLIAR,Drainliar,24,1277,20,1,14,69,25,1,73,90,1,0,0,4670,1820,10,12,Small,Beast,Dark2,1276,384,576,250,Normal,AiAggressiveSense,288,drainliar.spr,0,0.5,1,#FFFFFFFF,Flying,
4127,MUMMY,Mummy,37,4897,23,1,23,50,16,8,205,250,1,0,10,9720,7770,10,12,Medium,Undead,Undead2,1772,384,72,300,Normal,AiAngry,288,mummy.spr,0,0.5,1,#FFFFFFFF,,
4128,ISIS,Isis,47,6978,46,50,33,53,34,14,399,488,1,16,20,37490,21710,10,12,Large,Demon,Dark1,1384,336,768,200,Normal,AiAggressiveSense,480,isis.spr,0.4,0.5,1,#FFFFFFFF,,
4129,SOLDIER_SKELETON,Soldier Skeleton,30,2409,17,22,15,33,16,6,122,149,1,7,12,6280,4380,10,12,Medium,Undead,Undead1,2276,432,576,200,Normal,AiAngry,216,skel_soldier.spr,0,0.5,1,#FFFFFFFF,,
4130,ARCHER_SKELETON,Archer Skeleton,31,2239,16,22,15,60,13,6,101,124,9,6,11,5290,3850,10,12,Medium,Undead,Undead1,2864,576,864,300,Normal,AiAggressive,672,skel_archer.spr,0,0.5,1,#FFFFFFFF,,
4131,MIMIC,Mimic,51,5463,20,36,1,80,107,49,168,793,1,5,28,20570,31220,10,12,Medium,Formless,Neutral3,972,288,500,100,Normal,AiAggressiveSense,480,mimic.spr,0,0.5,1,#FFFFFFFF,,
4132,MATYR,Matyr,31,2329,13,3,30,40,21,3,120,147,1,0,0,8160,4460,10,12,Medium,Beast,Dark1,432,360,432,150,Normal,AiAggressiveSense,144,matyr.spr,0,0.5,1,#FFFFFFFF,,
4133,VERIT,Verit,38,4916,23,1,26,44,20,7,216,264,1,8,8,10030,6310,10,12,Medium,Undead,Undead1,2468,480,768,250,Normal,AiLooter,480,verit.spr,0,0.5,1,#FFFFFFFF,,
4134,ANCIENT_MUMMY,Ancient Mummy,64,28841,43,5,35,80,32,32,684,836,1,19,25,126880,70200,10,12,Medium,Undead,Undead2,1772,384,120,175,Normal,AiStandardBoss,288,ancient_mummy.spr,0,0.5,1,#FFFFFFFF,,
4135,OSIRIS,Osiris,78,268930,65,68,44,83,53,37,528,1585,1,13,33,1183320,785770,10,12,Medium,Undead,Undead4,1072,384,672,100,Boss,AiStandardBoss,192,osiris.spr,0,0.5,1,#FFFFFFFF,,
4136,MINOROUS,Minorous,52,7875,78,16,49,53,32,21,489,598,1,14,8,44660,32100,10,12,Large,Beast,Fire2,1360,432,960,200,Normal,AiAggressiveSense,576,minorous.spr,0,1,1,#FFFFFFFF,,
4137,ARCLOUSE,Arclouse,59,5705,38,38,42,74,54,27,380,465,1,9,16,30620,42780,10,12,Medium,Insect,Earth2,960,480,500,100,Normal,AiAggressiveSense,480,arclouse.spr,0,0.5,1,#FFFFFFFF,,
4138,AMON_RA,Amon Ra,82,325886,101,116,99,81,31,44,1136,1704,3,29,43,2119300,1452060,14,12,Large,Demihuman,Earth3,854,480,2016,100,Boss,AiAggressiveImmobile,720,amon_ra.spr,0,-1,1,#FFFFFFFF,,
4139,ZOMBIE,Zombie,16,750,9,11,7,19,8,3,51,62,1,3,7,940,550,10,12,Medium,Undead,Undead1,2612,288,912,400,Normal,AiAngry,816,zombie.spr,0,0.5,1,#FFFFFFFF,,
4140,SKELETON,Skeleton,12,458,7,9,6,16,6,2,32,39,1,3,5,410,240,10,12,Medium,Undead,Undead1,2228,576,528,200,Normal,AiPassiveSense,336,skeleton.spr,0,0.5,1,#FFFFFFFF,,
4141,ICE_TITAN,Ice Titan,60,28382,66,52,91,65,23,32,900,1100,1,55,17,160440,101900,10,12,Large,Formless,Water3,861,144,660,250,Normal,AiAggressive,600,ice_titan.spr,0.5,0.75,1,#FFFFFFFF,Golem,
4142,BON_GUN,Bongun,42,5309,28,18,22,48,22,8,238,323,1,11,14,15940,10460,10,12,Medium,Undead,Undead1,1720,420,500,200,Normal,AiAggressiveSense,672,bon_gun.spr,0,0.5,1,#FFFFFFFF,,
4143,HYDRA,Hydra,18,684,9,16,17,24,7,9,31,38,7,7,7,1130,720,10,12,Small,Plant,Water2,800,600,432,-1,Normal,AiAggressiveImmobile,336,hydra.spr,0,0.5,1,#FFFFFFFF,,
4144,MUNAK,Munak,38,3800,21,22,16,37,20,7,161,196,1,6,18,8740,5870,10,12,Medium,Undead,Undead1,2468,288,768,200,Normal,AiAngry,480,munak.spr,0,0.5,1,#FFFFFFFF,,
4145,WHISPER,Whisper,34,1498,15,1,14,46,30,1,150,183,1,0,26,8150,6230,10,12,Small,Demon,Ghost3,1960,504,960,150,Normal,AiAggressiveSense,720,whisper.spr,0,0.5,1,#FFFFFFFF,Flying,
4146,WHISPER_,Whisper,34,1605,16,1,14,46,30,1,153,188,1,0,23,8150,5680,10,12,Small,Undead,Ghost1,1960,504,960,150,Normal,AiPlant,720,whisper.spr,0,0.5,1,#FFFFFFFF,Flying,
4147,WHISPER_BOSS,Whisper,34,4158,15,1,14,46,30,1,191,234,1,0,25,17480,8510,10,12,Small,Demon,Ghost2,2536,672,1536,250,Normal,AiStandardBoss,1152,whisper_boss.spr,0,0.5,1,#FFFFFFFF,Flying,
4148,DOKEBI,Dokebi,33,2112,38,32,31,49,27,26,167,204,1,2,8,9680,5790,10,12,Small,Demon,Dark1,1156,384,456,250,Normal,AiPassiveSense,288,dokebi.spr,0,0.5,1,#FFFFFFFF,,
4149,AM_MUT,Am Mut,61,14089,84,71,50,74,37,43,607,822,1,34,23,111620,69710,10,12,Small,Demon,Dark1,1156,384,456,200,Normal,AiStandardBoss,288,am_mut.spr,0,0.5,1,#FFFFFFFF,,
4150,CAT_O_NINE_TAIL,Cat 'o Nine Tails,69,26008,80,89,50,95,44,82,758,889,1,44,35,243580,138840,10,12,Medium,Demon,Fire3,1276,288,576,155,Boss,AiStandardBoss,120,cat_o_nine_tail.spr,0,0.5,1,#FFFFFFFF,,
4151,MOONLIGHT,Moonlight Flower,65,111957,87,98,51,88,52,90,709,1064,1,9,32,878960,544500,10,12,Medium,Demon,Fire3,1276,288,576,150,Boss,AiAggressive,180,moonlight.spr,0,0.5,1,#FFFFFFFF,,
4152,SKELETON_GENERAL,Skeleton General,73,17695,45,50,38,79,39,14,672,821,1,17,27,114020,78360,10,12,Medium,Undead,Undead1,2276,432,576,150,Normal,AiStandardBoss,216,skeleton_general.spr,0,0.5,1,#FFFFFFFF,,
4153,WHITE_PLANT,White Plant,1,10,1,1,1,6,1,1,1,1,1,200,200,0,0,7,12,Small,Plant,Earth1,1,1,1,-1,Normal,AiPlant,166,white_plant.spr,0,-1,1,#FFFFFFFF,,
4154,PUNK,Punk,48,3695,26,40,8,67,99,21,266,325,1,0,39,22360,16680,10,12,Small,Plant,Wind1,1500,1000,500,300,Normal,AiAggressiveSense,900,punk.spr,0,0.5,1,#FFFFFFFF,"Fungus,Flying",
4155,RIDEWORD,Rideword,59,9457,48,28,9,115,61,31,510,623,1,10,29,51420,58940,10,12,Small,Formless,Neutral3,864,192,500,150,Normal,AiStandardBoss,468,rideword.spr,0,0.5,1,#FFFFFFFF,Flying,
4156,BATHORY,Bathory,48,4563,39,70,15,50,43,16,209,388,1,0,51,27310,13040,10,12,Medium,Demihuman,Dark1,1504,900,840,100,Normal,AiStandardBoss,288,bathory.spr,0,0.5,1,#FFFFFFFF,Flying,
4157,C_TOWER_MANAGER,Tower Keeper,63,16881,55,61,35,75,39,44,726,887,3,26,25,120480,77840,10,12,Large,Formless,Neutral4,1072,384,672,200,Normal,AiPassiveSense,384,c_tower_manager.spr,0,0.5,1,#FFFFFFFF,Flying,
4158,ELDER,Elder,64,15672,62,99,53,65,44,52,413,558,3,31,44,147960,99300,10,12,Large,Demihuman,Neutral4,1552,336,1152,165,Normal,AiAngry,720,elder.spr,0,0.5,1,#FFFFFFFF,,
4159,ALARM,Alarm,62,10380,55,9,71,74,41,21,539,658,1,20,17,85510,48250,10,12,Medium,Formless,Neutral3,1020,768,500,300,Normal,AiStandardBoss,540,alarm.spr,0,0.5,1,#FFFFFFFF,,
4160,OWL_DUKE,Owl Duke,75,25698,80,105,62,77,37,74,864,1056,1,25,38,189190,130300,10,12,Large,Demon,Neutral3,1345,440,824,195,Boss,AiStandardBoss,768,owl_duke.spr,0,0.5,1,#FFFFFFFF,,
4161,OWL_BARON,Owl Baron,85,49914,100,112,77,95,41,65,1256,1535,2,43,28,366430,240610,10,12,Large,Demon,Neutral3,1345,440,824,175,Boss,AiStandardBoss,768,owl_baron.spr,0,0.5,1,#FFFFFFFF,,
4162,EXECUTIONER,Executioner,65,44023,75,75,67,85,43,45,875,1070,2,31,27,320200,232570,10,12,Large,Formless,Dark2,768,384,500,200,Boss,AiStandardBoss,480,executioner.spr,0,0.5,1,#FFFFFFFF,,
4163,CLOCK,Clock,60,11942,54,44,55,63,38,36,610,745,1,21,12,75530,52150,10,12,Medium,Formless,Earth2,1092,480,792,200,Normal,AiPassiveSense,432,clock.spr,0,0.5,1,#FFFFFFFF,Flying,
4164,CRAMP,Cramp,56,4698,40,22,37,50,23,55,291,356,1,0,5,28900,17450,10,12,Small,Beast,Poison2,1000,1000,500,100,Normal,AiAggressiveSense,620,cramp.spr,0,0.5,1,#FFFFFFFF,,
4165,JOKER,Joker,67,8797,51,61,14,64,100,170,493,668,1,6,29,83020,62020,10,12,Large,Demihuman,Wind4,1364,432,864,100,Normal,AiStandardBoss,312,joker.spr,0,0.5,1,#FFFFFFFF,,
4166,PENOMENA,Penomena,57,5597,43,13,32,87,13,26,363,444,7,7,25,34280,24310,10,12,Medium,Aquatic,Poison1,832,600,500,400,Normal,AiStandardBoss,336,penomena.spr,0,0.5,1,#FFFFFFFF,,
4167,MYSTELTAINN,Mysteltain,76,61131,88,88,79,98,51,53,884,1197,2,34,33,546920,391400,10,12,Large,Formless,Dark4,1152,240,500,250,Boss,AiStandardBoss,768,mysteltainn.spr,0,0.5,1,#FFFFFFFF,,
4168,TIRFING,Tyrfing,71,52921,82,82,72,127,67,49,875,1028,1,31,30,495070,338380,10,12,Medium,Formless,Dark3,816,240,500,100,Boss,AiStandardBoss,576,tirfing.spr,0,0.5,1,#FFFFFFFF,,
4169,BRILIGHT,Brilight,46,3282,29,15,14,56,54,22,260,317,1,16,13,17770,14930,10,12,Small,Insect,Fire1,1500,1000,500,200,Normal,AiAggressiveSense,720,brilight.spr,0,0.5,1,#FFFFFFFF,,
4170,MARTIN,Martin,28,1206,16,15,24,22,11,9,66,81,1,0,6,3850,2580,10,12,Small,Beast,Earth2,1480,480,480,300,Normal,AiPassive,192,martin.spr,0,0.5,1,#FFFFFFFF,,
4171,SASQUATCH,Sasquatch,30,2609,32,3,48,25,15,8,151,178,1,8,0,8380,4680,10,12,Large,Beast,Neutral3,1260,192,192,300,Normal,AiStandardBoss,840,sasquatch.spr,0,0.5,1,#FFFFFFFF,,
4172,LEIB_OLMAI,Leib Olmai,58,18915,73,7,105,50,28,18,865,1016,1,24,22,87240,53760,10,12,Large,Beast,Earth1,1260,192,230,175,Normal,AiStandardBoss,1080,leib_olmai.spr,0,0.5,1,#FFFFFFFF,,
4173,KILLER_MANTIS,Killer Mantis,56,12678,54,10,31,65,35,31,573,700,1,28,20,65550,47940,10,12,Medium,Insect,Earth1,1528,432,660,175,Normal,AiStandardBoss,240,killer_mantis.spr,0,0.5,1,#FFFFFFFF,,
4174,BAPHOMET,Baphomet,81,303260,117,102,90,113,63,72,1560,2340,2,36,37,2984520,1839210,10,12,Large,Demon,Dark3,768,576,768,100,Boss,AiStandardBoss,384,baphomet.spr,0,0.5,1,#FFFFFFFF,,
4175,BAPHOMET_,Baphomet Jr.,50,6862,54,2,25,68,35,16,432,529,1,16,20,39240,24850,10,12,Small,Demon,Dark1,868,120,480,100,Normal,AiStandardBoss,216,baphomet_.spr,0,0.5,1,#FFFFFFFF,,
4176,NIGHTMARE,Nightmare,49,4258,41,55,36,60,29,22,357,436,1,0,27,29470,22450,10,12,Large,Demon,Ghost3,1816,432,816,150,Normal,AiAggressiveActiveSense,720,nightmare.spr,0,0.5,1,#FFFFFFFF,,
4177,GHOUL,Ghoul,40,5497,18,1,19,35,15,2,276,337,1,1,17,13260,8560,10,12,Medium,Undead,Undead2,2456,504,912,250,Normal,AiAngry,408,ghoul.spr,0,0.5,1,#FFFFFFFF,,
4178,JAKK,Jakk,38,3184,31,44,27,51,23,18,223,272,1,6,11,11820,8040,10,12,Medium,Formless,Fire2,1180,648,480,200,Normal,AiStandardBoss,192,jakk.spr,0,0.5,1,#FFFFFFFF,,
4179,DRACULA,Dracula,55,142627,76,84,75,89,67,39,581,1079,3,36,49,583260,404490,10,12,Large,Demon,Dark4,1290,576,1140,145,Boss,AiAggressive,780,dracula.spr,0,0.5,1,#FFFFFFFF,Flying,
4180,MARIONETTE,Marionette,41,2807,20,75,18,69,35,16,269,328,1,0,25,16920,15250,10,12,Small,Demon,Ghost3,1480,1056,480,300,Normal,AiAggressiveSense,240,marionette.spr,0,0.5,1,#FFFFFFFF,Flying,
4181,DEVIRUCHI,Deviruchi,51,6666,45,49,36,67,35,28,450,551,1,8,20,44010,24870,10,12,Small,Demon,Dark1,980,384,600,150,Normal,AiStandardBoss,288,deviruchi.spr,0,0.5,1,#FFFFFFFF,,
4182,DOPPELGANGER,Doppelganger,72,150114,98,107,69,98,54,50,776,1051,1,40,32,1419350,928740,10,12,Medium,Demon,Dark3,480,288,480,100,Boss,AiStandardBoss,192,doppelganger.spr,0,0.5,1,#FFFFFFFF,,
4183,ANUBIS,Anubis,70,25279,47,80,11,83,39,9,747,914,1,24,28,151840,105940,10,12,Large,Demihuman,Undead2,1250,360,768,150,Normal,AiStandardBoss,480,anubis.spr,0,0.5,1,#FFFFFFFF,,
4184,REQUIEM,Requiem,41,4579,36,9,36,46,24,3,241,294,1,0,13,16640,11630,10,12,Medium,Demihuman,Dark1,1516,432,816,400,Normal,AiAggressive,432,requiem.spr,0,0.5,1,#FFFFFFFF,,
4185,ZEROM,Zerom,32,2120,26,7,24,34,19,1,119,146,1,0,10,6900,4910,10,12,Medium,Demihuman,Fire1,1780,432,1080,200,Normal,AiAngry,720,zerom.spr,0,0.5,1,#FFFFFFFF,,
4186,PASANA,Pasana,61,8758,58,54,39,76,42,29,617,754,1,19,19,73760,51760,10,12,Medium,Demihuman,Fire2,976,288,576,165,Normal,AiAggressiveSense,288,pasana.spr,0,0.5,1,#FFFFFFFF,,
4187,MARDUK,Marduk,46,5557,40,42,38,51,27,22,285,348,1,16,14,23430,15690,10,12,Large,Demihuman,Fire1,1540,504,840,300,Normal,AiAngry,432,marduk.spr,0,0.5,1,#FFFFFFFF,,
4188,PHARAOH,Pharaoh,79,254918,29,98,85,96,47,76,1060,1590,1,43,46,1694510,1239670,10,12,Large,Demihuman,Dark3,210,288,768,100,Boss,AiStandardBoss,576,pharaoh.spr,2.5,0.5,1,#FFFFFFFF,,
4189,PLANKTON,Plankton,14,561,7,1,4,13,5,1,28,33,1,1,6,550,390,10,12,Small,Plant,Water3,2208,324,1008,400,Normal,AiPassive,576,plankton.spr,0,0.5,1,#FFFFFFFF,,
4190,MARINA,Marina,24,1540,19,1,20,25,15,12,73,96,1,8,9,3560,2370,10,12,Small,Plant,Water2,2280,864,1080,400,Normal,AiPassive,720,marina.spr,0,0.5,1,#FFFFFFFF,,
4191,KUKRE,Kukre,16,637,12,13,13,18,9,7,39,48,1,5,5,940,680,10,12,Small,Aquatic,Water1,1776,288,576,150,Normal,AiLooter,480,kukre.spr,0,0.5,1,#FFFFFFFF,,
4192,VADON,Vadon,24,1339,19,20,20,25,15,12,71,86,1,8,0,3210,2140,10,12,Small,Aquatic,Water1,1632,540,432,300,Normal,AiPassiveSense,420,vadon.spr,0,0.5,1,#FFFFFFFF,,
4193,CORNUTUS,Cornutus,28,1793,22,9,26,28,13,14,90,111,1,19,0,5410,3840,10,12,Small,Aquatic,Water1,1248,480,48,200,Normal,AiPassiveSense,192,cornutus.spr,0,0.5,1,#FFFFFFFF,,
4194,MARSE,Marse,31,3106,24,7,20,33,22,18,116,141,1,0,5,7780,4700,10,12,Small,Aquatic,Water2,1956,528,756,300,Normal,AiPassiveSense,468,marse.spr,0,0.5,1,#FFFFFFFF,,
4195,OBEAUNE,Obeaune,32,2594,24,27,27,37,19,25,123,150,1,0,16,7750,5330,10,12,Medium,Aquatic,Water2,1872,288,672,200,Normal,AiAggressiveSense,384,obeaune.spr,0,0.5,1,#FFFFFFFF,,
4196,MERMAN,Merman,53,12857,44,52,51,62,33,47,482,653,2,13,31,60350,42290,10,12,Medium,Demihuman,Water3,916,336,816,220,Normal,AiStandardBoss,384,merman.spr,0,0.5,1,#FFFFFFFF,,
4197,PHEN,Phen,34,3181,26,29,29,37,21,17,125,152,1,11,11,8470,6320,10,12,Medium,Aquatic,Water2,2544,1152,1344,150,Normal,AiPassiveSense,432,phen.spr,0,0.5,1,#FFFFFFFF,,
4198,MARINE_SPHERE,Marine Sphere,35,3611,1,1,10,13,5,35,37,40,1,0,21,4650,3250,10,12,Small,Plant,Water2,1201,1,1,800,Normal,AiPlant,240,marine_sphere.spr,0,0.5,1,#FFFFFFFF,,
4199,MARC,Marc,41,4953,31,34,41,42,24,20,171,232,1,6,13,17290,11210,10,12,Medium,Aquatic,Water2,1272,480,72,150,Normal,AiAngry,216,marc.spr,0,0.5,1,#FFFFFFFF,,
4200,SWORD_FISH,Sword Fish,38,3780,14,26,32,40,23,19,146,197,1,12,12,10210,7620,10,12,Large,Aquatic,Water2,1968,384,768,200,Normal,AiAngry,192,sword_fish.spr,0,0.5,1,#FFFFFFFF,Flying,
4201,STROUF,Strouf,53,10546,44,98,51,50,33,44,252,1009,1,0,46,58010,47390,10,12,Large,Aquatic,Water3,1872,384,672,150,Normal,AiAngry,108,strouf.spr,0,0.5,1,#FFFFFFFF,,
4202,DEVIACE,Deviace,55,31699,57,73,63,59,36,32,504,681,1,13,23,151680,107100,10,12,Medium,Aquatic,Water4,1680,384,480,400,Normal,AiPassiveSense,288,deviace.spr,0,0.5,1,#FFFFFFFF,Flying,
4203,SAGEWORM,Sageworm,53,5302,43,86,25,54,32,46,257,348,1,0,35,35510,25230,10,12,Small,Beast,Neutral3,936,288,936,200,Normal,AiPassiveSense,504,sageworm.spr,0,0.5,1,#FFFFFFFF,,
4204,CARAT,Carat,55,6087,44,9,43,62,35,137,357,483,1,0,19,37610,28040,10,12,Medium,Demon,Wind2,1078,384,768,200,Normal,AiAngry,576,carat.spr,0,0.5,1,#FFFFFFFF,,
4205,DARK_FRAME,Dark Frame,59,10983,54,54,37,69,46,32,711,962,1,13,32,86700,72190,10,12,Medium,Demon,Dark3,920,200,720,200,Normal,AiStandardBoss,360,dark_frame.spr,0,0.5,1,#FFFFFFFF,Flying,
4206,ALICE,Alice,64,22102,57,88,57,90,31,109,434,587,1,6,6,94690,62530,10,12,Medium,Demihuman,Neutral3,502,480,2304,200,Normal,AiPassiveSense,2112,alice.spr,0,0.5,1,#FFFFFFFF,,
4207,RAYDRIC,Raydric,62,12456,56,4,44,69,38,30,617,834,1,28,18,85510,56510,10,12,Large,Demihuman,Dark2,824,420,780,150,Normal,AiAggressiveSense,384,raydric.spr,0,0.5,1,#FFFFFFFF,,
4208,RAYDRIC_ARCHER,Raydric Archer,62,4954,52,4,16,105,30,30,335,454,9,23,5,50020,35930,10,12,Medium,Demon,Dark2,1152,480,1152,200,Normal,AiAggressive,972,raydric_archer.spr,0,0.5,1,#FFFFFFFF,,
4209,CHIMERA,Chimera,72,51552,105,58,95,74,42,54,924,1251,1,22,13,482410,301990,10,12,Large,Beast,Fire3,772,360,672,200,Boss,AiStandardBoss,384,chimera.spr,0,1,1,#FFFFFFFF,,
4210,EVIL_DRUID,Evil Druid,58,17874,24,90,40,79,20,8,420,630,1,3,57,59670,46370,10,12,Large,Undead,Undead4,2276,336,576,300,Normal,AiStandardBoss,168,evil_druid.spr,0,0.5,1,#FFFFFFFF,Flying,
4211,KNIGHT_OF_ABYSS,Abyssal Knight,79,37923,86,34,75,113,43,41,1210,1815,1,46,46,385010,215090,10,12,Large,Demihuman,Dark4,1500,1000,500,300,Normal,AiStandardBoss,720,knight_of_abyss.spr,0,1,1,#FFFFFFFF,,
4212,KHALITZBURG,Khalitzburg,65,19655,44,5,36,74,38,22,604,817,1,25,14,107790,64990,10,12,Large,Undead,Undead1,528,396,1000,350,Normal,AiStandardBoss,240,khalitzburg.spr,0,0.5,1,#FFFFFFFF,,
4213,WRAITH,Wraith,53,9980,30,50,15,64,31,7,323,437,1,4,28,36520,21810,10,12,Large,Undead,Undead4,1816,240,576,300,Normal,AiStandardBoss,384,wraith.spr,0,0.5,1,#FFFFFFFF,Flying,
4214,DARK_ILLUSION,Dark Illusion,77,83241,60,93,46,97,45,31,789,1184,2,32,54,475460,324080,10,12,Large,Demon,Undead4,1024,480,768,145,Boss,AiStandardBoss,269,dark_illusion.spr,0,1,1,#FFFFFFFF,Flying,
4215,DARK_LORD,Dark Lord,80,359131,72,93,58,99,52,36,1135,1702,2,21,61,2260830,1503850,10,12,Large,Demon,Undead4,368,480,768,100,Boss,AiStandardBoss,408,dark_lord.spr,0,1,1,#FFFFFFFF,Flying,
4216,SKEL_PRISONER,Skeleton Prisoner,52,9461,32,1,27,65,19,11,472,639,1,12,25,40520,25920,10,12,Medium,Undead,Undead3,1848,576,500,350,Normal,AiAggressiveAssist,864,skel_prisoner.spr,0,0.5,1,#FFFFFFFF,,
4217,ZOMBIE_PRISONER,Zombie Prisoner,53,11372,33,1,28,70,21,11,527,713,1,11,23,46980,28430,10,12,Medium,Undead,Undead3,1768,192,500,350,Normal,AiAggressiveAssist,480,zombie_prisoner.spr,0,0.5,1,#FFFFFFFF,,
4218,STING,Sting,61,9912,55,2,56,79,24,54,552,747,1,6,21,79470,48110,10,12,Medium,Formless,Earth3,528,240,500,300,Normal,AiStandardBoss,336,sting.spr,0,0.5,1,#FFFFFFFF,,
4219,MAJORUROS,Majorous,66,31892,116,48,68,72,43,32,757,1024,1,20,12,180850,91240,10,12,Large,Beast,Fire2,1100,780,960,250,Normal,AiStandardBoss,660,majoruros.spr,0,1,1,#FFFFFFFF,,
4220,GARGOYLE,Gargoyle,48,3495,39,15,19,78,34,38,237,320,9,8,8,19940,17520,10,12,Medium,Demon,Wind3,1020,384,720,200,Normal,AiAggressive,600,gargoyle.spr,0,0.5,1,#FFFFFFFF,Flying,
4221,BLOODY_KNIGHT,Bloody Knight,82,71052,95,95,85,106,56,57,1020,1381,3,48,35,695320,482170,10,12,Large,Formless,Dark4,828,192,528,250,Boss,AiStandardBoss,288,bloody_knight.spr,0,0.5,1,#FFFFFFFF,,
4222,INJUSTICE,Injustice,51,7391,45,1,36,62,34,35,371,502,1,0,0,33750,22500,10,12,Medium,Undead,Dark2,770,336,720,400,Normal,AiStandardBoss,540,injustice.spr,0,0.5,1,#FFFFFFFF,,
4223,RYBIO,Rybio,71,10769,62,64,75,73,51,85,685,928,1,42,34,147360,81880,10,12,Large,Demon,Neutral2,1790,540,1440,200,Normal,AiAggressiveAssist,900,rybio.spr,0,0.5,1,#FFFFFFFF,,
4224,ZHERLTHSH,Zealotus,73,44292,82,33,44,92,58,74,745,1118,1,9,15,326470,232410,10,12,Medium,Demihuman,Neutral3,800,768,1112,200,Normal,AiAggressiveAssist,1920,zherlthsh.spr,0,0.5,1,#FFFFFFFF,,
4225,PHENDARK,Phendark,73,18031,64,71,103,75,48,54,781,954,2,38,36,178970,124220,10,12,Large,Demihuman,Neutral2,1744,600,1344,175,Normal,AiAggressiveAssist,960,phendark.spr,0,0.5,1,#FFFFFFFF,,
4226,ANOLIAN,Anolian,61,19793,73,21,50,68,30,56,555,750,1,16,16,117040,70250,10,12,Medium,Aquatic,Water2,900,864,500,190,Normal,AiStandardBoss,660,anolian.spr,0,0.5,1,#FFFFFFFF,,
4227,WIND_GHOST,Wind Ghost,51,4927,38,87,19,66,26,7,389,526,2,0,33,39860,29100,10,12,Medium,Demon,Wind3,1056,336,1056,150,Normal,AiStandardBoss,720,wind_ghost.spr,0,0.5,1,#FFFFFFFF,Flying,
4228,SKEL_WORKER,Skeleton Worker,42,5972,26,5,22,43,20,8,215,290,1,0,16,16550,9850,10,12,Medium,Undead,Undead1,2420,384,720,400,Normal,AiAngry,432,skel_worker.spr,0,0.5,1,#FFFFFFFF,,
4229,MYST,Myst,46,5688,40,1,40,51,27,21,264,357,1,0,29,21680,15490,10,12,Large,Formless,Poison1,1576,384,576,200,Normal,AiStandardBoss,336,myst.spr,0,0.5,1,#FFFFFFFF,,
4230,PIRATE_SKEL,Pirate Skeleton,35,2430,20,7,20,38,13,7,135,182,1,7,14,7690,4750,10,12,Medium,Undead,Undead1,1754,288,554,200,Normal,AiAngry,360,pirate_skel.spr,0,0.5,1,#FFFFFFFF,,
4231,DRAKE,Drake,70,189947,59,76,44,84,43,43,711,962,1,20,36,1026630,660840,10,12,Medium,Undead,Undead1,220,360,420,200,Boss,AiStandardBoss,108,drake.spr,0,0.5,1,#FFFFFFFF,,
4232,SPRING_RABBIT,Spring Rabbit,58,9237,68,14,3,65,37,64,544,736,1,23,17,61320,34040,10,12,Medium,Beast,Earth2,1120,511,552,160,Normal,AiLooter,756,spring_rabbit.spr,0,0.5,1,#FFFFFFFF,,
4233,PEST,Pest,49,3208,32,3,24,77,50,5,284,385,1,0,7,20020,16540,10,12,Small,Beast,Dark2,700,480,648,165,Normal,AiStandardBoss,396,pest.spr,0,0.5,1,#FFFFFFFF,,
4234,PERMETER,Permeter,63,9008,56,68,66,57,26,45,510,691,2,43,30,84600,58690,10,12,Medium,Beast,Neutral2,1100,528,483,250,Normal,AiPassiveSense,720,permeter.spr,0,0.5,1,#FFFFFFFF,,
4235,SOLIDER,Solider,70,12529,63,7,107,63,27,49,641,868,2,51,20,120930,96090,10,12,Medium,Beast,Earth2,1452,528,483,250,Normal,AiPassiveSense,1248,solider.spr,0,0.5,1,#FFFFFFFF,,
4236,FREEZER,Freezer,72,9634,60,45,55,64,30,53,638,863,2,45,29,107030,99520,10,12,Medium,Beast,Water2,1452,528,483,250,Normal,AiStandardBoss,522,freezer.spr,0,0.5,1,#FFFFFFFF,,
4237,HEATER,Heater,68,10794,60,5,31,61,28,49,629,852,2,32,25,121080,83600,10,12,Medium,Beast,Fire2,1452,528,483,250,Normal,AiStandardBoss,1200,heater.spr,0,0.5,1,#FFFFFFFF,,
4238,ASSULTER,Assaulter,71,14889,66,35,78,77,51,57,932,1261,2,27,23,188660,132080,10,12,Medium,Demihuman,Wind2,1000,432,900,155,Normal,AiStandardBoss,540,assulter.spr,0,0.5,1,#FFFFFFFF,,
4239,TURTLE_GENERAL,Turtle General,84,245937,114,70,71,95,38,105,1188,1783,2,50,43,2476630,1651620,10,12,Large,Beast,Earth2,900,500,1000,200,Boss,AiStandardBoss,624,turtle_general.spr,0,0.5,1,#FFFFFFFF,,
4240,GRAND_PECO,Grand Peco,58,8192,61,43,45,53,35,56,520,635,2,30,29,43720,30340,10,12,Large,Beast,Fire2,1460,432,960,165,Normal,AiAssist,432,grand_peco.spr,0,0.5,1,#FFFFFFFF,,
4241,KIND_OF_BEETLE,Beetle King,34,2383,28,27,28,36,21,16,130,159,1,12,11,8310,5940,10,12,Small,Insect,Earth1,1247,576,768,165,Normal,AiPassive,240,kind_of_beetle.spr,0,0.5,1,#FFFFFFFF,,
4242,DELETER,Sky Deleter,66,17809,69,56,45,65,60,25,426,577,1,33,46,121060,76460,10,12,Medium,Dragon,Fire2,1020,384,720,175,Normal,AiAggressiveAssist,350,deleter.spr,0,0.5,1,#FFFFFFFF,Flying,
4243,DELETER_,Earth Deleter,65,15429,83,56,45,78,34,25,482,653,1,49,28,113780,75670,10,12,Medium,Dragon,Fire2,1024,336,624,175,Normal,AiAggressiveAssist,350,deleter_.spr,0,0.5,1,#FFFFFFFF,,
4244,GEOGRAPHER,Geographer,56,8978,35,104,70,57,31,25,401,490,3,29,21,44450,29500,10,12,Medium,Plant,Earth3,1308,480,1008,-1,Normal,AiAggressiveImmobile,480,geographer.spr,0,0.5,1,#FFFFFFFF,,
4245,RAFFLESIA,Rafflesia,37,3007,30,8,30,38,21,10,153,188,3,0,2,8210,5770,10,12,Small,Plant,Earth1,512,240,528,150,Normal,AiAggressive,432,rafflesia.spr,0,0.5,1,#FFFFFFFF,,
4246,ARCHANGELING,Archangeling,60,48743,65,84,71,72,46,112,655,800,1,31,40,295430,215060,10,12,Medium,Angel,Holy3,1072,480,672,180,Boss,AiAggressive,312,archangeling.spr,0,0.5,1,#FFFFFFFF,,
4247,SLEEPER,Sleeper,67,9530,55,51,84,70,42,30,612,748,1,51,24,78240,56900,10,12,Medium,Formless,Earth2,1350,432,1200,195,Normal,AiAggressive,720,sleeper.spr,0,0.5,1,#FFFFFFFF,,
4248,GOAT,Goat,64,10151,67,37,53,64,46,24,477,584,1,47,21,65740,52550,10,12,Medium,Beast,Fire3,1380,336,1080,165,Normal,AiAssist,720,goat.spr,0,0.5,1,#FFFFFFFF,,
4249,DEMON_PUNGUS,Demon Pungus,59,7873,52,57,50,62,77,32,437,534,1,46,27,63300,36890,10,12,Small,Demon,Poison3,1260,672,960,170,Normal,AiAngry,672,demon_pungus.spr,0,0.5,1,#FFFFFFFF,Fungus,
4250,DRILLER,Driller,57,9129,66,44,61,55,43,43,650,795,1,31,14,64580,35030,10,12,Medium,Beast,Earth1,1300,336,900,165,Normal,AiAngry,540,driller.spr,0,0.5,1,#FFFFFFFF,,
4251,HARPY,Harpy,65,11912,61,66,61,70,57,61,759,928,1,32,36,84050,61000,10,12,Medium,Demon,Wind3,972,470,672,155,Normal,AiAngry,384,harpy.spr,0,0.5,1,#FFFFFFFF,Flying,
4252,VENATU_1,Venatu,72,7394,40,40,40,60,30,24,531,650,2,17,17,77960,52570,10,12,Medium,Formless,Neutral2,504,360,1020,150,Normal,AiAngry,420,venatu_1.spr,0,0.5,1,#FFFFFFFF,,
4253,VENATU_2,Venatu,80,8848,44,48,43,55,42,27,660,807,2,13,18,121360,82660,10,12,Medium,Formless,Wind2,504,360,1020,150,Normal,AiAngry,420,venatu_2.spr,0,0.5,1,#FFFFFFFF,,
4254,VENATU_3,Venatu,78,8910,44,42,45,52,30,25,630,770,2,27,16,94020,62260,10,12,Medium,Formless,Earth2,504,360,1020,150,Normal,AiAngry,420,venatu_3.spr,0,0.5,1,#FFFFFFFF,,
4255,VENATU_4,Venatu,75,8245,40,45,45,53,31,26,548,669,2,18,22,89130,59020,10,12,Medium,Formless,Water2,504,360,1020,150,Normal,AiAngry,420,venatu_4.spr,0,0.5,1,#FFFFFFFF,,
4256,COOKIE,Cookie,25,1379,21,52,21,29,15,75,85,104,1,0,9,3930,2600,10,12,Small,Demihuman,Neutral3,1036,240,936,200,Normal,AiPassiveSense,108,cookie.spr,0,0.5,1,#FFFFFFFF,,
4257,COOKIE_XMAS,Cookie,28,1568,23,59,23,32,17,85,95,116,1,0,10,5400,4250,10,12,Small,Demihuman,Holy2,1248,240,1248,400,Normal,AiPassiveSense,336,cookie_xmas.spr,0,0.5,1,#FFFFFFFF,,
4258,CRUISER,Cruiser,40,2698,31,8,8,68,23,29,151,184,7,6,6,12010,5920,10,12,Medium,Formless,Neutral3,1296,432,1296,400,Normal,AiAggressive,1224,cruiser.spr,0,0.5,1,#FFFFFFFF,,
4259,CHEPET,Chepet,42,17953,47,119,35,60,39,142,278,339,1,0,23,73980,33150,10,12,Medium,Demihuman,Fire1,672,288,672,400,Normal,AiStandardBoss,336,chepet.spr,0,0.5,1,#FFFFFFFF,,
4260,GOBLINE_XMAS,Festive Goblin,25,1338,20,21,20,28,16,12,77,94,1,9,9,3700,2760,10,12,Medium,Demihuman,Wind1,1120,240,620,100,Normal,AiStandardBoss,384,gobline_xmas.spr,0,0.5,1,#FFFFFFFF,Goblin,
4261,GARM,Garm,73,182815,105,73,82,79,55,59,1367,1670,3,42,32,1607400,953670,10,12,Large,Beast,Water4,608,336,408,400,Boss,AiStandardBoss,312,garm.spr,0,1,1,#FFFFFFFF,,
4262,GARM_BABY,Baby Garm,61,15841,56,63,59,72,38,36,551,674,1,24,23,101180,71250,10,12,Medium,Beast,Water2,879,576,672,450,Normal,AiAggressive,288,garm_baby.spr,0,0.5,1,#FFFFFFFF,,
4263,KNIGHT_OF_WINDSTORM,Stormy Knight,77,231628,94,90,83,100,88,62,1216,1487,2,35,41,1918400,1438640,10,12,Large,Formless,Wind4,468,288,468,200,Boss,AiStandardBoss,252,knight_of_windstorm.spr,0,0.5,1,#FFFFFFFF,,
4264,MYSTCASE,Mystcase,40,3398,33,33,33,42,24,19,216,264,1,5,11,17040,7870,10,12,Medium,Formless,Neutral3,1248,432,1248,400,Normal,AiPassiveSense,432,mystcase.spr,0,0.5,1,#FFFFFFFF,,
4265,WRAITH_DEAD,Wraith Dead,74,35452,50,77,24,104,50,34,937,1100,2,12,45,180210,74520,10,12,Large,Undead,Undead4,1816,240,576,175,Normal,AiStandardBoss,720,wraith_dead.spr,0,0.5,1,#FFFFFFFF,Flying,
4266,SHELLFISH,Shellfish,25,1446,20,1,21,29,15,12,75,92,1,35,0,3970,2650,10,12,Small,Aquatic,Water1,864,384,864,200,Normal,AiPassiveSense,468,shellfish.spr,0,-1,1,#FFFFFFFF,,
4267,ALLIGATOR,Alligator,42,6408,47,27,45,44,26,17,256,313,1,13,12,21280,15320,10,12,Medium,Beast,Water1,1100,480,900,200,Normal,AiPassiveSense,540,alligator.spr,0,0.5,1,#FFFFFFFF,,
4268,ASTER,Aster,28,1434,23,1,11,30,16,13,92,113,1,0,9,4960,3370,10,12,Small,Aquatic,Earth1,1264,216,864,400,Normal,AiPassiveSense,336,aster.spr,0,0.5,1,#FFFFFFFF,,
4269,CRAB,Crab,30,2250,24,1,15,38,18,15,123,150,1,37,0,7190,5210,7,12,Small,Aquatic,Water1,992,360,792,200,Normal,AiPassive,288,crab.spr,0,0.5,1,#FFFFFFFF,,
4270,RAGGLER,Raggler,31,2015,24,20,24,33,19,15,123,150,1,0,5,6730,5570,10,12,Small,Beast,Wind1,1000,384,900,200,Normal,AiStandardBoss,252,raggler.spr,0,0.5,1,#FFFFFFFF,,
4271,MOBSTER,Mobster,61,13708,58,35,16,72,38,49,680,831,1,36,31,94140,71760,10,12,Medium,Demihuman,Neutral1,1100,580,560,250,Normal,AiStandardBoss,576,mobster.spr,0,0.5,1,#FFFFFFFF,,
4272,FUR_SEAL,Fur Seal,65,10979,74,10,21,66,41,93,828,1012,1,23,26,85850,57270,10,12,Medium,Beast,Water1,1612,583,622,200,Normal,AiAggressiveSense,576,fur_seal.spr,0,0.5,1,#FFFFFFFF,,
4273,GALAPAGO,Galapago,61,8545,49,48,49,59,35,28,460,563,1,22,19,53060,44850,10,12,Small,Beast,Earth1,1430,1080,1080,165,Normal,AiLooterAssist,480,galapago.spr,0,0.5,1,#FFFFFFFF,,
4274,MUTANT_DRAGON,Mutant Dragon,65,42987,96,57,35,54,34,31,1399,1710,4,20,20,329790,208860,10,12,Large,Dragon,Fire2,1280,240,1080,250,Boss,AiStandardBoss,900,mutant_dragon.spr,0,0.5,1,#FFFFFFFF,,
4275,SEE_OTTER,See Otter,61,10053,65,25,42,74,38,26,618,755,1,33,32,80150,54270,10,12,Medium,Beast,Water3,1132,532,583,190,Normal,AiAggressiveSense,432,see_otter.spr,0,0.5,1,#FFFFFFFF,,
4276,GRYPHON,Gryphon,72,47347,100,64,78,78,53,41,951,1162,1,30,29,411310,371700,10,12,Large,Beast,Wind4,704,432,504,100,Boss,AiStandardBoss,288,gryphon.spr,0,0.5,1,#FFFFFFFF,Flying,
4277,MEDUSA,Medusa,79,15230,77,72,63,86,46,72,974,1191,1,26,19,176790,108670,10,12,Medium,Demon,Neutral2,1720,360,1320,180,Normal,AiStandardBoss,1080,medusa.spr,0,0.5,1,#FFFFFFFF,,
4278,NERAID,Neraid,45,4275,37,7,45,54,32,5,270,331,1,0,11,17910,9320,10,12,Small,Beast,Earth1,776,288,576,200,Normal,AiStandardBoss,384,neraid.spr,0,0.5,1,#FFFFFFFF,,
4279,TRI_JOINT,Tri Joint,37,2233,24,4,25,45,29,12,161,196,1,14,10,8670,7190,10,12,Small,Insect,Earth1,860,624,660,200,Normal,AiStandardBoss,540,tri_joint.spr,0,0.5,1,#FFFFFFFF,,
4280,STALACTIC_GOLEM,Stalactic Golem,60,18061,64,7,80,63,23,26,679,918,1,48,4,95740,53130,10,12,Large,Formless,Neutral4,1264,288,864,200,Normal,AiPassiveSense,720,stalactic_golem.spr,0,1,1,#FFFFFFFF,Golem,
4281,MEGALODON,Megalodon,34,3064,19,25,16,37,18,7,117,144,1,7,14,7410,4570,10,12,Medium,Undead,Undead1,2492,432,792,200,Normal,AiPassive,696,megalodon.spr,0,0.5,1,#FFFFFFFF,,
4282,MEGALITH,Megalith,45,4527,42,29,55,50,13,19,204,249,9,22,15,18710,13940,10,12,Large,Formless,Neutral4,1332,672,1332,-1,Normal,AiAggressiveImmobile,936,megalith.spr,0,-1,1,#FFFFFFFF,Golem,
4283,TAO_GUNKA,Tao Gunka,70,168704,4,61,72,112,47,48,946,1157,2,24,24,1214910,796250,10,12,Large,Demon,Neutral3,1020,144,288,150,Boss,AiAggressive,384,tao_gunka.spr,0,0.5,1,#FFFFFFFF,Golem,
4284,TARGET_DUMMY,Target Dummy,1,100000,1,20,20,1,1,1,1,1,0,20,20,0,0,10,12,Large,Formless,Neutral4,1001,1,1000,-1,Boss,AiPlant,0,barricade.spr,0,-1,1,#FFFFFFFF,,
4285,TEST_DRONE,Test Drone,1,100000,1,20,20,1,1,1,8,9,1,20,20,0,0,10,12,Small,Formless,Dark3,1000,500,1000,150,Normal,AiHyperPacifist,216,constant.spr,0,0.5,1,#FFFFFFFF,Flying,
4286,RANDGRIS,Valkyrie Randgris,99,2358497,132,113,100,112,22,113,1011,1236,3,21,5,7801890,6098610,12,15,Large,Angel,Holy1,576,480,576,100,Boss,AiAggressive,504,randgris.spr,0,0.5,1.4,#FFFFFFFF,Flying,
4287,VALKYRIE,Valkyrie,99,78911,102,148,77,97,19,88,774,946,3,22,4,1801930,1407230,12,15,Large,Angel,Holy1,576,480,576,100,Boss,AiAggressive,504,g_randgris.spr,0,0.5,1,#FFFFFFFF,,
4288,IRON_FIST,Iron Fist,43,2692,28,29,29,53,34,15,285,348,1,17,12,19310,12770,5,12,Medium,Insect,Neutral3,1500,1000,500,200,Normal,AiAggressiveSense,384,iron_fist.spr,0,0.5,1,#FFFFFFFF,,
4289,SHINOBI,Kabuki Ninja,69,10503,57,28,28,77,56,34,546,911,2,17,24,103250,69050,10,12,Medium,Demihuman,Dark3,1003,336,1152,150,Normal,AiAggressive,480,shinobi.spr,0,0.5,1,#FFFFFFFF,,
4290,KAPHA,Kappa,51,6877,40,20,42,52,30,45,423,517,3,17,22,42160,24180,10,12,Medium,Aquatic,Water1,2012,672,1728,165,Normal,AiAngry,576,kapha.spr,0,0.5,1,#FFFFFFFF,,
4291,KARAKASA,Karakasa,40,3398,33,33,33,42,24,19,180,220,1,14,13,15330,10460,10,12,Medium,Formless,Neutral3,1638,576,2016,155,Normal,AiPassive,432,karakasa.spr,0,0.5,1,#FFFFFFFF,,
4292,TENGU,Sake Tengu,65,12119,54,50,55,63,38,75,615,752,2,12,60,97210,55820,10,12,Large,Demon,Earth2,1439,672,1920,200,Normal,AiAngry,624,tengu.spr,0,0.5,1,#FFFFFFFF,,
4293,ANTIQUE_FIRELOCK,Firelock Soldier,47,3870,25,34,22,94,21,33,273,334,10,9,18,17650,14590,10,12,Medium,Undead,Undead2,1084,576,2304,170,Normal,AiAggressive,480,antique_firelock.spr,0,0.5,1,#FFFFFFFF,,
4294,INCANTATION_SAMURAI,Samurai Specter,71,158764,87,87,75,95,50,52,1021,1532,3,9,31,1259250,909310,10,12,Large,Demihuman,Dark3,150,576,744,100,Boss,AiAggressive,425,incantation_samurai.spr,0,0.5,1,#FFFFFFFF,,
4295,MIYABI_NINGYO,Miyabi Doll,43,5036,35,14,17,45,28,16,258,315,1,0,15,16580,13370,10,12,Medium,Demon,Dark1,1938,768,2112,250,Normal,AiPassiveSense,672,miyabi_ningyo.spr,0,0.5,1,#FFFFFFFF,,
4296,THE_PAPER,The Paper,61,13982,53,64,53,66,45,64,656,801,1,16,16,87450,75330,10,12,Medium,Formless,Neutral3,1160,336,960,170,Normal,AiAngry,540,the_paper.spr,0,0.5,1,#FFFFFFFF,Flying,
4297,POISON_TOAD,Poison Toad,46,5907,52,7,19,50,24,34,292,395,3,4,6,26140,12890,10,12,Medium,Beast,Poison2,1148,864,1728,160,Normal,AiPassive,624,poison_toad.spr,0,0.5,1,#FFFFFFFF,,
4298,ANGRY_TARGET_DUMMY,Angry Target Dummy,99,100000,41,20,20,200,1,1,500,500,3,20,20,0,0,10,12,Large,Demon,Earth4,1000,1,200,-1,Boss,AiAggressiveImmobile,200,barricade.spr,0,-1,1,#FFFFFFFF,,
4299,GIANT_HONET,Giant Hornet,56,12357,52,55,50,66,36,32,473,578,1,21,21,63910,47550,10,12,Small,Insect,Wind1,1292,340,792,155,Normal,AiAngry,825,giant_honet.spr,0,0.5,1,#FFFFFFFF,Flying,
4300,NIGHTMARE_TERROR,Nightmare Terror,78,17363,46,73,54,79,61,25,927,1134,1,31,31,179520,111420,10,12,Large,Demon,Dark3,1216,432,816,165,Normal,AiAngry,850,nightmare_terror.spr,0,0.5,1,#FFFFFFFF,,
4301,DARK_PRIEST,Dark Priest,79,26145,49,88,42,72,35,12,848,1037,2,19,50,170080,131130,10,12,Medium,Demon,Undead4,864,476,1252,200,Boss,AiStandardBoss,400,dark_priest.spr,0,0.5,1,#FFFFFFFF,,
4302,SUCCUBUS,Succubus,85,17899,85,80,69,95,51,40,1145,1400,2,29,27,254040,170600,10,12,Medium,Demon,Dark3,1306,288,1056,155,Normal,AiStandardBoss,576,succubus.spr,0,0.5,1,#FFFFFFFF,,
4303,INCUBUS,Incubus,75,13971,75,70,61,84,45,35,906,1107,2,26,24,163640,105620,10,12,Medium,Demon,Dark3,850,336,600,165,Normal,AiStandardBoss,420,incubus.spr,0,0.5,1,#FFFFFFFF,,
4304,MINI_DEMON,Mini Demon,68,11323,67,63,54,75,40,31,737,900,1,22,21,102610,67930,10,12,Small,Demon,Dark1,1000,384,600,150,Normal,AiStandardBoss,1000,mini_demon.spr,0,0.5,1,#FFFFFFFF,,
4305,ZOMBIE_MASTER,Zombie Master,62,12818,38,42,33,68,33,12,481,588,1,14,23,65160,41070,10,12,Medium,Undead,Undead1,2612,288,912,175,Normal,AiAngry,950,zombie_master.spr,0,0.5,1,#FFFFFFFF,,
4306,BLAZZER,Blazer,60,8404,59,56,43,67,50,27,596,729,2,19,25,106790,48680,10,12,Medium,Demon,Fire2,1732,540,1332,180,Normal,AiAggressiveSense,481,blazzer.spr,0,0.5,1,#FFFFFFFF,Flying,
4307,EXPLOSION,Explosion,58,6689,42,33,47,58,56,20,365,446,1,33,25,57190,40580,10,12,Small,Beast,Fire3,1260,336,960,165,Normal,AiAngry,496,explosion.spr,0,0.5,1,#FFFFFFFF,Flying,
4308,GRIZZLY,Grizzly,68,11889,78,47,70,67,53,26,883,1080,1,61,38,141850,79800,10,12,Large,Beast,Fire3,1492,192,1092,165,Normal,AiAngry,870,grizzly.spr,0,0.5,1,#FFFFFFFF,,
4309,KAHO,Kaho,60,7298,49,86,39,84,44,38,184,737,1,7,43,106960,21610,10,12,Medium,Demon,Fire4,1700,500,1000,150,Normal,AiAngry,444,kaho.spr,0,0.5,1,#FFFFFFFF,,
4310,LAVA_GOLEM,Lava Golem,77,28109,89,61,84,71,37,51,1693,2070,1,69,46,310080,239770,10,12,Large,Formless,Fire4,2190,336,2040,400,Normal,AiAggressive,744,lava_golem.spr,0,0.5,1,#FFFFFFFF,,
4311,DIABOLIC,Diabolic,67,9374,48,65,39,69,79,31,756,924,1,59,22,118280,60380,10,12,Small,Demon,Dark2,1080,180,780,150,Normal,AiAngry,900,diabolic.spr,0,0.5,1,#FFFFFFFF,,
4312,GIG,Gig,60,7077,39,49,44,58,60,38,375,458,1,39,27,67010,47270,10,12,Small,Beast,Fire2,1264,576,864,170,Normal,AiAngry,400,gig.spr,0,0.5,1,#FFFFFFFF,,
5000,PORING50,Poring,50,4739,22,34,37,35,19,20,273,302,1,10,10,25390,18400,10,12,Medium,Plant,Water1,1872,480,672,400,Normal,AiLooter,288,poring.spr,0,0.5,1.1,#FFFFFFFF,,
6000,MOONLIGHT_CLONE,Moonlight Flower,65,16793,87,98,51,105,52,90,628,849,1,9,32,0,0,10,12,Medium,Demon,Fire3,1276,288,576,150,Boss,AiStandardBoss,180,moonlight.spr,0,0.5,1,#FFFFFFAA,,
6001,GTB_EGG,Thief Bug Egg,13,661,4,14,13,6,5,1,2,3,0,22,18,0,0,1,1,Small,Insect,Dark3,701,1,1,-1,Normal,AiPlant,288,thief_bug_egg.spr,0,-1,1.2,#FFFFFFFF,,
6002,GTB_SUMMON,Angry Thief Bug,24,1160,18,16,19,36,20,8,93,114,1,10,7,0,0,12,12,Medium,Insect,Dark3,500,288,288,120,Normal,AiStandardBoss,504,thief_bug_female.spr,0,0.5,0.7,#FF6F6FFF,,
6003,WERE_WOLF,Werewolf,48,13340,54,26,24,76,31,31,386,523,1,67,68,88590,61720,10,12,Medium,Beast,Earth1,902,432,648,150,Boss,AiStandardBoss,216,were_wolf.spr,0,0.5,1,#FFFFFFFF,WeakToSilver,DoddlerCustomMonsters
6004,RAPTICE,Raptice,38,3076,30,6,31,51,23,18,160,195,3,5,15,9700,6940,10,12,Medium,Beast,Water1,1540,576,720,300,Normal,AiAggressiveSense,324,raptice.spr,0,0.5,1,#FFFFFFFF,,DoddlerCustomMonsters
6005,STITCH,Stitch,34,2553,36,19,34,44,20,52,142,173,1,0,5,7660,5150,10,12,Small,Beast,Earth1,1000,1000,500,140,Normal,AiAggressiveSense,620,tarou.spr,0,0.5,1,#F9EFBAFF,,DoddlerCustomMonsters
6006,SOLDIER_ANDRE,Soldier Andre,31,2143,20,19,29,37,23,8,117,144,1,17,8,7840,5740,10,12,Small,Insect,Earth3,916,576,648,250,Normal,AiAggressiveSense,180,soldier_andre.spr,0,0.5,1,#FFFFFFFF,Ant,DoddlerCustomMonsters
6007,SOLDIER_DENIRO,Soldier Deniro,33,1859,22,21,24,50,21,10,172,211,1,14,9,8470,6380,10,12,Small,Insect,Earth3,1200,576,648,160,Normal,AiAggressiveSense,144,soldier_deniro.spr,0,0.5,1,#FFFFFFFF,Ant,DoddlerCustomMonsters
6008,SOLDIER_PIERE,Soldier Piere,36,2089,23,29,26,38,35,12,155,190,1,15,12,10430,7370,10,12,Small,Insect,Earth3,800,576,648,200,Normal,AiAggressiveSense,144,soldier_piere.spr,0,0.5,1,#FFFFFFFF,Ant,DoddlerCustomMonsters
6009,ANDRE_LARVA,Andre Larva,18,574,12,12,3,25,20,6,79,96,1,3,2,2210,1760,10,12,Small,Insect,Earth1,600,384,288,160,Normal,AiLooterAssist,180,andre_larva.spr,0,0.25,1,#FFFFFFFF,Ant,DoddlerCustomMonsters
6010,DENIRO_LARVA,Deniro Larva,20,695,13,14,4,37,23,7,92,113,1,3,2,3330,2620,10,12,Small,Insect,Earth1,600,576,288,80,Normal,AiLooterAssist,144,deniro_larva.spr,0,0.25,1,#FFFFFFFF,Ant,DoddlerCustomMonsters
6011,PIERE_LARVA,Piere Larva,22,829,14,14,4,29,24,7,106,129,1,4,3,4190,3300,10,12,Small,Insect,Earth1,600,576,288,140,Normal,AiLooterAssist,144,piere_larva.spr,0,0.25,1,#FFFFFFFF,Ant,DoddlerCustomMonsters
6012,ANT_EGG2,Mature Ant Egg,20,1819,8,25,30,6,6,1,5,6,0,29,27,3990,3400,10,12,Small,Formless,Neutral3,1001,1,1,1000,Normal,AiPlant,672,ant_egg.spr,0,-1,1.05,#FFFFFFFF,Ant,DoddlerCustomMonsters
6013,FUNGUS,Fungus,36,2762,20,1,25,37,20,1,171,209,1,0,0,7890,3640,10,12,Medium,Plant,Poison2,1472,288,672,180,Normal,AiAggressive,528,fungus.spr,0,0.5,1,#FFFFFFFF,Fungus,DoddlerCustomMonsters
6014,DEATHSPORE,Deathspore,42,18664,33,1,36,55,25,1,481,588,1,0,0,67000,30490,10,12,Medium,Plant,Poison4,1272,288,672,170,Boss,AiAggressive,528,deathspore.spr,0,0.5,1,#FFFFFFFF,Fungus,DoddlerCustomMonsters
6015,SANTA_PORING,Santa Poring,10,250,5,7,8,11,4,4,20,23,1,2,2,240,120,10,12,Medium,Plant,Holy1,1872,480,672,400,Normal,AiLooter,288,poring_.spr,0,0.5,1,#FFFFFFFF,,
6018,OBSERVATION,Dame of Sentinel,81,21737,64,92,78,99,50,55,1074,1313,2,28,35,266810,226430,10,12,Medium,Angel,Neutral4,432,360,480,100,Boss,AiStandardBoss,300,observation.spr,0,0.5,1,#FFFFFFFF,,
6019,RETRIBUTION,Baroness of Retribution,79,20434,64,94,79,100,51,55,1067,1304,2,26,34,229090,183970,10,12,Medium,Angel,Dark3,360,360,480,120,Boss,AiStandardBoss,240,retribution.spr,0,0.5,1,#FFFFFFFF,,
6020,SOLACE,Dame of Sentinel,77,17372,64,80,79,95,48,50,992,1213,2,25,29,176720,133620,10,12,Medium,Angel,Holy3,576,360,420,180,Boss,AiStandardBoss,384,solace.spr,0,0.5,1,#FFFFFFFF,,
6021,SHELTER,Mistress of Shelter,80,28756,74,107,86,109,53,63,1170,1430,2,28,36,342760,259600,10,12,Medium,Angel,Holy3,432,360,420,160,Boss,AiStandardBoss,240,shelter.spr,0,0.5,1,#FFFFFFFF,,
6022,GIFT_PORING,Gift Poring,1,200,1,1,1,1,1,1,1,1,1,0,0,30,15,10,12,Medium,Plant,Neutral1,1872,480,672,400,Normal,AiPacifist,288,poring_.spr,0,0.5,1,#FFFFFFFF,,
